timestamp,vineyard_zone_id,soil_moisture_percent,soil_temperature,air_temperature,humidity_percent,wind_speed,rain_forecast_mm
2026-08-16 17:35:36,Zone_A,25.48,31.11,32.1,62.93,5.59,0.0
2026-08-16 18:23:45,Zone_A,43.18,24.82,31.58,31.13,24.31,0.0
2026-08-16 19:11:55,Zone_A,18.55,17.3,22.69,58.86,11.93,0.0
2026-08-16 20:00:05,Zone_A,17.02,19.26,24.06,55.08,20.06,0.0
2026-08-16 20:48:14,Zone_A,33.33,14.84,29.37,39.38,3.5,14.28
2026-08-16 21:36:24,Zone_A,41.1,19.48,18.15,67.63,12.12,0.0
2026-08-16 22:24:34,Zone_A,13.24,30.37,21.69,66.44,9.17,0.0
2026-08-16 23:12:43,Zone_A,18.65,31.45,33.05,81.67,22.58,9.37
2026-08-17 00:00:53,Zone_A,15.19,17.53,17.0,47.89,10.94,0.0
2026-08-17 00:49:02,Zone_A,24.84,19.06,27.94,37.75,20.45,2.04
2026-08-17 01:37:12,Zone_A,39.8,17.58,16.12,74.85,18.26,0.0
2026-08-17 02:25:22,Zone_A,14.67,20.45,18.55,77.47,16.34,0.0
2026-08-17 03:13:31,Zone_A,23.2,19.85,32.05,65.07,22.41,0.0
2026-08-17 04:01:41,Zone_A,37.68,27.69,28.35,72.4,13.36,0.0
2026-08-17 04:49:51,Zone_A,12.92,15.94,16.69,65.0,9.23,8.12
2026-08-17 05:38:00,Zone_A,20.97,21.39,32.62,42.58,3.77,0.0
2026-08-17 06:26:10,Zone_A,45.47,28.55,29.93,77.93,20.48,0.0
2026-08-17 07:14:19,Zone_A,31.42,28.53,35.71,47.49,4.53,0.0
2026-08-17 08:02:29,Zone_A,41.45,29.49,16.15,58.09,11.6,0.0
2026-08-17 08:50:39,Zone_A,24.15,30.97,23.11,58.53,18.17,6.09
2026-08-17 09:38:48,Zone_A,46.65,18.53,26.94,46.55,8.55,0.0
2026-08-17 10:26:58,Zone_A,30.1,14.93,22.13,79.95,7.51,0.0
2026-08-17 11:15:08,Zone_A,47.48,18.36,30.79,71.89,7.47,0.0
2026-08-17 12:03:17,Zone_A,34.76,25.4,27.79,34.97,21.21,0.0
2026-08-17 12:51:27,Zone_A,13.47,24.64,30.91,30.91,13.78,0.0
2026-08-17 13:39:37,Zone_A,18.28,26.44,24.51,81.52,5.16,0.0
2026-08-17 14:27:46,Zone_A,45.29,29.79,21.67,66.3,20.8,0.0
2026-08-17 15:15:56,Zone_A,20.71,15.68,35.74,79.52,16.56,0.0
2026-08-17 16:04:05,Zone_A,38.13,30.15,35.52,72.89,16.77,0.0
2026-08-17 16:52:15,Zone_A,44.35,24.92,16.2,35.58,17.26,0.0
2026-08-17 17:40:25,Zone_A,31.75,26.45,30.34,42.33,18.38,0.0
2026-08-17 18:28:34,Zone_A,38.87,25.69,34.68,66.17,15.07,0.0
2026-08-17 19:16:44,Zone_A,21.55,18.39,37.41,51.62,22.52,0.0
2026-08-17 20:04:54,Zone_A,30.09,24.38,26.84,40.74,18.62,0.0
2026-08-17 20:53:03,Zone_A,35.24,17.19,36.69,82.47,23.04,0.0
2026-08-17 21:41:13,Zone_A,45.42,21.71,37.27,83.0,21.62,0.0
2026-08-17 22:29:22,Zone_A,42.64,19.7,19.73,60.62,23.53,0.0
2026-08-17 23:17:32,Zone_A,15.5,25.07,37.78,37.7,13.92,0.0
2026-08-18 00:05:42,Zone_A,37.09,26.64,23.91,46.15,20.62,0.0
2026-08-18 00:53:51,Zone_A,44.88,23.2,27.03,73.91,16.95,0.0
2026-08-18 01:42:01,Zone_A,44.04,20.08,24.26,35.17,15.3,0.0
2026-08-18 02:30:11,Zone_A,31.54,19.16,29.0,31.68,2.86,0.0
2026-08-18 03:18:20,Zone_A,16.57,23.4,32.94,41.87,16.33,0.0
2026-08-18 04:06:30,Zone_A,31.13,23.73,30.02,69.94,24.44,0.0
2026-08-18 04:54:40,Zone_A,40.63,18.87,25.66,34.32,2.58,0.0
2026-08-18 05:42:49,Zone_A,37.06,21.36,19.81,38.6,7.76,0.0
2026-08-18 06:30:59,Zone_A,35.77,19.04,37.01,70.58,14.75,0.0
2026-08-18 07:19:08,Zone_A,20.92,20.41,32.67,30.79,4.67,0.0
2026-08-18 08:07:18,Zone_A,42.8,26.67,26.43,35.38,13.31,0.0
2026-08-18 08:55:28,Zone_A,27.62,21.17,29.55,64.93,3.04,0.0
2026-08-18 09:43:37,Zone_A,30.11,29.42,30.49,38.96,3.62,0.0
2026-08-18 10:31:47,Zone_A,33.09,30.92,28.66,51.35,16.8,0.0
2026-08-18 11:19:57,Zone_A,45.89,20.95,37.15,79.79,6.5,0.0
2026-08-18 12:08:06,Zone_A,12.66,15.7,31.03,33.92,9.34,0.0
2026-08-18 12:56:16,Zone_A,41.32,19.07,18.6,68.32,16.47,0.0
2026-08-18 13:44:25,Zone_A,40.93,19.08,19.9,71.28,20.56,0.0
2026-08-18 14:32:35,Zone_A,25.39,27.98,23.5,81.19,21.74,0.0
2026-08-18 15:20:45,Zone_A,39.16,15.86,35.86,57.79,21.01,0.0
2026-08-18 16:08:54,Zone_A,26.01,14.2,35.92,35.02,9.34,14.3
2026-08-18 16:57:04,Zone_A,32.64,25.37,25.87,46.13,9.56,0.0
2026-08-18 17:45:14,Zone_A,40.5,28.21,18.01,57.19,3.32,0.0
2026-08-18 18:33:23,Zone_A,43.96,20.32,18.58,37.86,19.51,0.0
2026-08-18 19:21:33,Zone_A,15.03,26.62,17.6,75.2,18.24,0.0
2026-08-18 20:09:43,Zone_A,47.52,20.74,24.15,74.7,23.79,0.0
2026-08-18 20:57:52,Zone_A,25.55,15.5,33.1,60.71,11.76,0.0
2026-08-18 21:46:02,Zone_A,29.73,14.2,26.31,33.1,4.73,0.0
2026-08-18 22:34:11,Zone_A,38.86,24.5,37.17,50.62,8.57,0.0
2026-08-18 23:22:21,Zone_A,46.68,14.22,37.34,32.37,22.5,8.39
2026-08-19 00:10:31,Zone_A,14.66,23.97,37.32,58.77,16.48,0.0
2026-08-19 00:58:40,Zone_A,34.59,24.52,35.83,32.5,8.46,0.0
2026-08-19 01:46:50,Zone_A,28.4,25.16,22.1,40.35,12.67,0.0
2026-08-19 02:35:00,Zone_A,14.8,31.54,37.7,68.4,14.33,0.0
2026-08-19 03:23:09,Zone_A,36.65,16.93,36.04,75.24,23.85,0.0
2026-08-19 04:11:19,Zone_A,27.06,30.79,35.05,32.49,2.61,0.0
2026-08-19 04:59:29,Zone_A,47.54,16.71,29.07,50.95,24.31,0.0
2026-08-19 05:47:38,Zone_A,28.87,21.47,22.01,33.1,21.89,12.38
2026-08-19 06:35:48,Zone_A,47.88,24.0,32.92,81.96,21.54,0.0
2026-08-19 07:23:57,Zone_A,16.65,31.17,29.34,42.58,17.45,0.0
2026-08-19 08:12:07,Zone_A,16.09,26.09,27.45,72.48,13.96,0.0
2026-08-19 09:00:17,Zone_A,32.19,29.78,24.88,37.37,2.66,0.0
2026-08-19 09:48:26,Zone_A,37.35,17.83,19.0,30.8,10.06,0.0
2026-08-19 10:36:36,Zone_A,27.75,30.27,23.66,58.27,20.02,0.0
2026-08-19 11:24:46,Zone_A,43.05,31.09,19.24,80.96,13.32,0.0
2026-08-19 12:12:55,Zone_A,47.28,22.87,23.23,64.84,7.52,0.0
2026-08-19 13:01:05,Zone_A,16.61,16.73,19.05,65.25,6.18,0.0
2026-08-19 13:49:14,Zone_A,29.06,26.02,19.79,40.58,2.94,0.0
2026-08-19 14:37:24,Zone_A,18.37,15.6,18.65,55.34,6.75,0.0
2026-08-19 15:25:34,Zone_A,36.85,14.71,33.59,64.53,3.88,13.23
2026-08-19 16:13:43,Zone_A,14.2,18.98,33.74,71.15,6.24,0.0
2026-08-19 17:01:53,Zone_A,29.44,25.13,24.12,55.44,19.19,0.0
2026-08-19 17:50:03,Zone_A,37.68,30.11,27.26,59.27,4.46,0.0
2026-08-19 18:38:12,Zone_A,20.73,18.85,24.3,31.1,9.41,0.0
2026-08-19 19:26:22,Zone_A,16.31,30.03,29.06,67.35,20.15,0.0
2026-08-19 20:14:32,Zone_A,31.34,24.56,32.4,53.74,4.93,0.0
2026-08-19 21:02:41,Zone_A,35.25,24.27,23.83,84.26,15.93,0.0
2026-08-19 21:50:51,Zone_A,17.5,18.43,19.53,40.26,8.56,0.0
2026-08-19 22:39:00,Zone_A,14.89,23.44,25.03,84.03,4.58,6.57
2026-08-19 23:27:10,Zone_A,43.16,28.71,21.67,39.4,17.38,0.0
2026-08-20 00:15:20,Zone_A,32.58,19.04,32.93,40.29,9.44,0.0
2026-08-20 01:03:29,Zone_A,20.73,16.07,29.43,45.87,15.37,0.0
2026-08-20 01:51:39,Zone_A,31.17,14.93,23.41,37.39,3.46,0.0
2026-08-20 02:39:49,Zone_A,41.16,18.58,30.99,71.81,15.7,0.0
2026-08-20 03:27:58,Zone_A,24.56,30.73,34.27,83.08,4.86,11.23
2026-08-20 04:16:08,Zone_A,18.52,15.2,32.3,61.6,21.36,0.0
2026-08-20 05:04:17,Zone_A,19.26,16.95,19.61,74.8,17.3,0.0
2026-08-20 05:52:27,Zone_A,43.58,21.06,33.97,54.15,10.67,0.0
2026-08-20 06:40:37,Zone_A,38.91,23.05,21.11,79.48,10.83,8.61
2026-08-20 07:28:46,Zone_A,34.47,16.1,36.68,64.52,9.7,0.0
2026-08-20 08:16:56,Zone_A,34.32,23.6,35.67,73.37,5.49,0.0
2026-08-20 09:05:06,Zone_A,38.78,14.6,28.54,71.94,22.17,0.0
2026-08-20 09:53:15,Zone_A,15.98,29.24,18.8,51.85,20.34,0.0
2026-08-20 10:41:25,Zone_A,38.0,26.96,30.11,68.17,14.48,0.0
2026-08-20 11:29:35,Zone_A,18.54,30.35,28.83,52.05,12.63,0.0
2026-08-20 12:17:44,Zone_A,33.1,23.11,29.45,31.0,22.06,0.0
2026-08-20 13:05:54,Zone_A,37.08,30.6,31.56,38.39,15.25,0.0
2026-08-20 13:54:03,Zone_A,38.51,30.82,36.36,54.8,4.6,0.0
2026-08-20 14:42:13,Zone_A,16.49,30.58,35.14,58.54,15.6,0.0
2026-08-20 15:30:23,Zone_A,24.07,28.45,16.1,48.34,11.16,8.52
2026-08-20 16:18:32,Zone_A,24.47,20.25,32.23,54.87,7.17,0.0
2026-08-20 17:06:42,Zone_A,18.35,22.97,25.22,80.32,10.34,0.0
2026-08-20 17:54:52,Zone_A,12.47,25.94,19.92,82.86,5.42,0.0
2026-08-20 18:43:01,Zone_A,47.89,23.04,29.1,33.69,19.25,0.0
2026-08-20 19:31:11,Zone_A,19.39,17.43,16.8,55.96,14.99,0.0
2026-08-20 20:19:20,Zone_A,28.32,23.44,25.7,52.04,14.87,0.0
2026-08-20 21:07:30,Zone_A,43.02,31.03,24.21,44.89,16.81,0.0
2026-08-20 21:55:40,Zone_A,17.62,26.89,30.5,31.49,7.11,0.0
2026-08-20 22:43:49,Zone_A,12.71,15.87,33.6,39.82,17.01,0.0
2026-08-20 23:31:59,Zone_A,20.75,27.0,34.83,75.66,11.14,0.0
2026-08-21 00:20:09,Zone_A,22.55,30.13,16.29,34.7,6.78,0.0
2026-08-21 01:08:18,Zone_A,32.99,21.59,35.64,74.96,9.86,0.0
2026-08-21 01:56:28,Zone_A,33.25,18.83,29.73,52.52,14.7,0.0
2026-08-21 02:44:38,Zone_A,46.14,27.74,19.08,77.77,13.21,0.0
2026-08-21 03:32:47,Zone_A,27.31,14.4,21.91,59.79,16.57,0.0
2026-08-21 04:20:57,Zone_A,42.06,31.72,27.57,39.44,8.26,1.26
2026-08-21 05:09:06,Zone_A,16.24,24.38,22.03,60.48,16.98,0.0
2026-08-21 05:57:16,Zone_A,12.4,16.46,35.8,78.06,15.74,0.0
2026-08-21 06:45:26,Zone_A,18.31,30.46,25.21,51.07,13.94,0.0
2026-08-21 07:33:35,Zone_A,38.57,15.49,29.27,43.49,10.95,0.0
2026-08-21 08:21:45,Zone_A,37.89,19.35,28.46,56.18,17.26,0.0
2026-08-21 09:09:55,Zone_A,19.74,14.56,21.77,62.73,3.18,0.0
2026-08-21 09:58:04,Zone_A,24.03,27.88,18.35,34.13,18.75,0.0
2026-08-21 10:46:14,Zone_A,27.65,18.44,34.02,73.97,17.98,0.0
2026-08-21 11:34:23,Zone_A,25.0,15.65,36.18,37.53,23.86,0.0
2026-08-21 12:22:33,Zone_A,31.51,29.71,32.11,74.36,17.15,0.0
2026-08-21 13:10:43,Zone_A,20.99,22.81,20.87,84.32,23.71,0.0
2026-08-21 13:58:52,Zone_A,45.31,17.25,28.49,80.35,2.78,0.0
2026-08-21 14:47:02,Zone_A,45.28,31.48,36.77,56.08,21.83,0.0
2026-08-21 15:35:12,Zone_A,41.84,14.67,29.12,42.65,4.77,0.0
2026-08-21 16:23:21,Zone_A,24.24,27.05,17.44,47.34,14.41,0.0
2026-08-21 17:11:31,Zone_A,34.53,29.95,29.55,42.81,2.56,0.0
2026-08-21 17:59:41,Zone_A,43.49,23.52,36.66,73.93,24.95,0.0
2026-08-21 18:47:50,Zone_A,26.47,22.64,29.81,78.05,24.63,0.0
2026-08-21 19:36:00,Zone_A,27.17,27.28,21.25,36.08,10.16,0.0
2026-08-21 20:24:09,Zone_A,20.41,14.76,16.39,84.32,11.84,0.0
2026-08-21 21:12:19,Zone_A,19.86,31.1,33.3,34.92,11.6,13.31
2026-08-21 22:00:29,Zone_A,28.83,25.04,19.67,84.51,7.33,0.0
2026-08-21 22:48:38,Zone_A,33.88,23.23,21.07,39.71,7.07,0.0
2026-08-21 23:36:48,Zone_A,24.6,15.04,37.32,78.61,23.34,0.0
2026-08-22 00:24:58,Zone_A,26.26,27.65,31.31,38.46,20.76,0.0
2026-08-22 01:13:07,Zone_A,31.33,24.67,28.76,35.03,22.18,0.0
2026-08-22 02:01:17,Zone_A,43.99,31.2,34.97,74.52,17.07,0.0
2026-08-22 02:49:26,Zone_A,26.7,20.71,21.71,69.79,13.41,0.0
2026-08-22 03:37:36,Zone_A,36.6,15.37,34.73,57.23,13.05,0.0
2026-08-22 04:25:46,Zone_A,24.52,26.2,28.45,44.69,22.21,0.0
2026-08-22 05:13:55,Zone_A,42.62,29.61,31.58,76.04,18.04,0.0
2026-08-22 06:02:05,Zone_A,39.1,16.85,35.38,77.95,2.67,0.0
2026-08-22 06:50:15,Zone_A,24.06,27.38,19.54,74.99,21.14,0.0
2026-08-22 07:38:24,Zone_A,22.33,25.1,37.59,64.75,7.98,0.0
2026-08-22 08:26:34,Zone_A,40.07,15.93,32.74,59.77,24.15,0.0
2026-08-22 09:14:44,Zone_A,45.55,15.85,36.62,67.83,3.56,0.0
2026-08-22 10:02:53,Zone_A,14.42,24.48,23.61,64.15,3.05,13.2
2026-08-22 10:51:03,Zone_A,46.88,27.49,18.86,71.7,2.57,0.0
2026-08-22 11:39:12,Zone_A,29.59,27.87,31.03,54.52,8.29,0.0
2026-08-22 12:27:22,Zone_A,28.25,16.95,33.49,68.15,7.08,0.0
2026-08-22 13:15:32,Zone_A,35.56,18.92,36.92,38.31,11.94,0.0
2026-08-22 14:03:41,Zone_A,34.99,21.16,22.03,84.12,11.41,0.0
2026-08-22 14:51:51,Zone_A,19.67,14.56,30.34,50.27,21.88,7.62
2026-08-22 15:40:01,Zone_A,18.68,29.64,33.09,72.4,21.43,0.0
2026-08-22 16:28:10,Zone_A,16.72,14.59,36.26,63.92,20.32,0.0
2026-08-22 17:16:20,Zone_A,16.51,26.34,25.47,41.03,13.31,0.0
2026-08-22 18:04:30,Zone_A,21.68,28.36,22.83,55.04,2.27,0.0
2026-08-22 18:52:39,Zone_A,29.28,24.8,22.42,68.22,21.78,0.0
2026-08-22 19:40:49,Zone_A,29.3,15.89,21.32,84.27,5.28,0.0
2026-08-22 20:28:58,Zone_A,37.29,24.07,16.21,47.96,13.91,0.0
2026-08-22 21:17:08,Zone_A,13.2,15.41,24.73,37.3,15.05,0.0
2026-08-22 22:05:18,Zone_A,19.21,17.01,18.3,65.0,18.25,1.44
2026-08-22 22:53:27,Zone_A,13.87,23.74,31.6,77.9,18.42,0.0
2026-08-22 23:41:37,Zone_A,41.33,15.44,35.69,60.12,20.8,0.0
2026-08-23 00:29:47,Zone_A,30.95,27.17,17.8,33.32,7.68,0.0
2026-08-23 01:17:56,Zone_A,19.89,31.57,23.41,40.02,20.16,0.0
2026-08-23 02:06:06,Zone_A,31.99,26.95,21.03,84.8,24.42,0.0
2026-08-23 02:54:15,Zone_A,36.49,15.3,16.67,44.17,12.64,0.0
2026-08-23 03:42:25,Zone_A,38.74,21.66,23.61,50.41,24.72,0.0
2026-08-23 04:30:35,Zone_A,32.83,21.9,31.96,56.77,22.09,0.0
2026-08-23 05:18:44,Zone_A,21.97,24.66,36.07,41.59,16.33,0.0
2026-08-23 06:06:54,Zone_A,16.74,26.88,36.0,39.88,7.46,0.0
2026-08-23 06:55:04,Zone_A,42.76,22.86,21.44,77.89,12.24,0.0
2026-08-23 07:43:13,Zone_A,33.35,16.94,24.6,83.32,7.94,0.0
2026-08-23 08:31:23,Zone_A,39.85,16.36,37.34,54.96,7.43,0.0
2026-08-23 09:19:33,Zone_A,30.71,20.07,34.24,53.7,7.72,0.0
2026-08-23 10:07:42,Zone_A,18.01,17.02,16.81,70.5,17.27,0.0
2026-08-23 10:55:52,Zone_A,41.0,24.54,35.1,41.32,4.57,0.0
2026-08-23 11:44:01,Zone_A,31.12,30.86,16.87,36.72,12.4,0.0
2026-08-23 12:32:11,Zone_A,30.26,14.75,19.26,84.26,24.2,1.07
2026-08-23 13:20:21,Zone_A,35.01,29.62,26.0,58.36,13.24,0.0
2026-08-23 14:08:30,Zone_A,13.08,19.54,31.5,41.1,17.49,0.0
2026-08-23 14:56:40,Zone_A,36.21,21.99,35.1,39.74,17.93,12.73
2026-08-23 15:44:50,Zone_A,36.6,22.95,29.59,77.79,15.12,1.43
2026-08-23 16:32:59,Zone_A,36.82,26.18,20.74,66.24,11.06,0.0
2026-08-23 17:21:09,Zone_A,35.68,31.99,17.06,83.74,11.36,0.0
2026-08-23 18:09:18,Zone_A,32.41,27.29,35.33,52.23,9.52,0.0
2026-08-23 18:57:28,Zone_A,39.44,28.36,25.58,74.98,4.76,0.0
2026-08-23 19:45:38,Zone_A,23.69,20.6,24.72,68.25,10.94,0.0
2026-08-23 20:33:47,Zone_A,25.44,18.09,17.61,63.19,17.37,0.0
2026-08-23 21:21:57,Zone_A,25.67,29.54,27.42,56.36,2.59,0.0
2026-08-23 22:10:07,Zone_A,26.36,24.44,27.74,63.43,19.59,0.0
2026-08-23 22:58:16,Zone_A,46.4,14.33,20.31,30.42,16.89,0.0
2026-08-23 23:46:26,Zone_A,45.37,15.08,36.56,49.34,4.33,0.0
2026-08-24 00:34:36,Zone_A,22.26,19.53,33.67,59.65,9.16,0.0
2026-08-24 01:22:45,Zone_A,21.81,21.44,18.68,39.96,17.67,0.0
2026-08-24 02:10:55,Zone_A,37.53,15.92,28.48,44.11,24.15,0.0
2026-08-24 02:59:04,Zone_A,31.81,14.78,29.93,82.33,15.84,0.0
2026-08-24 03:47:14,Zone_A,20.21,17.82,29.44,52.61,21.32,0.0
2026-08-24 04:35:24,Zone_A,20.53,28.05,22.05,75.24,11.75,0.0
2026-08-24 05:23:33,Zone_A,34.46,22.13,28.91,39.24,18.95,0.0
2026-08-24 06:11:43,Zone_A,15.45,14.43,30.12,63.39,14.57,0.0
2026-08-24 06:59:53,Zone_A,33.4,22.94,37.73,37.5,17.99,0.0
2026-08-24 07:48:02,Zone_A,37.83,26.46,37.81,37.06,4.39,0.0
2026-08-24 08:36:12,Zone_A,21.87,15.43,17.88,79.18,6.41,0.0
2026-08-24 09:24:21,Zone_A,24.78,15.25,27.42,33.72,20.41,0.0
2026-08-24 10:12:31,Zone_A,43.68,25.72,27.73,47.84,9.66,10.37
2026-08-24 11:00:41,Zone_A,35.83,24.04,32.07,55.59,3.38,8.87
2026-08-24 11:48:50,Zone_A,18.31,26.42,20.42,59.47,4.22,0.0
2026-08-24 12:37:00,Zone_A,24.51,25.97,33.5,80.99,7.4,0.0
2026-08-24 13:25:10,Zone_A,47.73,30.69,27.88,76.31,13.98,0.0
2026-08-24 14:13:19,Zone_A,39.19,16.3,34.17,73.01,18.3,0.0
2026-08-24 15:01:29,Zone_A,21.47,20.48,17.93,81.53,14.74,0.0
2026-08-24 15:49:39,Zone_A,28.1,24.81,27.34,80.57,13.43,0.0
2026-08-24 16:37:48,Zone_A,19.51,30.75,18.56,74.96,10.75,0.0
2026-08-24 17:25:58,Zone_A,41.01,28.22,22.7,34.45,11.27,0.0
2026-08-24 18:14:07,Zone_A,24.46,31.56,30.1,75.24,5.05,13.07
2026-08-24 19:02:17,Zone_A,29.53,24.91,32.83,39.62,13.56,0.0
2026-08-24 19:50:27,Zone_A,25.23,15.23,16.57,37.43,24.15,8.69
2026-08-24 20:38:36,Zone_A,27.57,19.61,27.14,54.17,4.43,0.0
2026-08-24 21:26:46,Zone_A,34.31,25.7,19.34,33.37,19.96,0.0
2026-08-24 22:14:56,Zone_A,47.82,15.04,31.29,84.1,7.5,0.0
2026-08-24 23:03:05,Zone_A,22.92,15.82,31.23,33.43,13.72,0.0
2026-08-24 23:51:15,Zone_A,34.15,19.51,29.73,58.99,11.8,0.0
2026-08-25 00:39:24,Zone_A,28.19,17.5,24.09,52.78,21.03,0.0
2026-08-25 01:27:34,Zone_A,12.4,21.49,26.59,31.06,7.98,0.0
2026-08-25 02:15:44,Zone_A,31.27,17.87,16.27,43.27,24.45,12.22
2026-08-25 03:03:53,Zone_A,29.56,15.98,28.06,54.99,21.42,0.0
2026-08-25 03:52:03,Zone_A,17.4,19.84,32.22,56.18,10.65,0.0
2026-08-25 04:40:13,Zone_A,40.26,30.06,37.02,73.28,9.25,0.0
2026-08-25 05:28:22,Zone_A,21.17,29.14,16.85,79.6,12.61,0.0
2026-08-25 06:16:32,Zone_A,44.22,25.46,29.51,33.67,13.92,0.0
2026-08-25 07:04:42,Zone_A,30.44,26.24,16.92,34.66,18.48,0.0
2026-08-25 07:52:51,Zone_A,12.44,31.22,32.23,49.43,8.82,0.0
2026-08-25 08:41:01,Zone_A,35.81,17.33,19.83,35.41,17.19,0.0
2026-08-25 09:29:10,Zone_A,12.75,15.48,37.29,46.25,19.69,0.0
2026-08-25 10:17:20,Zone_A,19.4,16.18,29.53,72.6,16.81,0.0
2026-08-25 11:05:30,Zone_A,46.87,28.38,22.44,83.9,15.84,0.0
2026-08-25 11:53:39,Zone_A,41.22,25.82,18.82,48.6,23.35,0.0
2026-08-25 12:41:49,Zone_A,27.55,21.91,29.48,81.87,7.54,0.0
2026-08-25 13:29:59,Zone_A,43.93,25.62,22.29,74.88,21.81,12.85
2026-08-25 14:18:08,Zone_A,21.08,27.59,26.13,76.31,18.76,0.0
2026-08-25 15:06:18,Zone_A,18.39,23.81,37.66,81.56,2.99,0.0
2026-08-25 15:54:27,Zone_A,38.14,28.72,20.7,57.82,21.34,0.0
2026-08-25 16:42:37,Zone_A,33.25,23.15,22.55,61.08,17.84,0.0
2026-08-25 17:30:47,Zone_A,39.4,16.88,26.15,30.51,7.67,11.17
2026-08-25 18:18:56,Zone_A,15.57,21.23,33.6,41.22,14.77,0.0
2026-08-25 19:07:06,Zone_A,18.77,20.4,33.24,60.48,2.12,0.0
2026-08-25 19:55:16,Zone_A,38.85,17.64,37.08,50.24,9.52,0.0
2026-08-25 20:43:25,Zone_A,43.56,31.93,24.1,54.67,18.61,0.0
2026-08-25 21:31:35,Zone_A,26.09,21.43,31.3,30.18,16.25,0.0
2026-08-25 22:19:45,Zone_A,15.35,24.59,26.58,65.33,3.49,0.0
2026-08-25 23:07:54,Zone_A,32.18,24.86,30.88,74.27,8.21,0.0
2026-08-25 23:56:04,Zone_A,14.77,15.05,23.35,73.17,18.28,0.0
2026-08-26 00:44:13,Zone_A,27.85,16.65,23.22,53.87,4.04,0.0
2026-08-26 01:32:23,Zone_A,38.48,31.97,36.53,65.34,11.69,0.0
2026-08-26 02:20:33,Zone_A,16.26,21.38,34.48,51.11,15.15,0.0
2026-08-26 03:08:42,Zone_A,25.04,20.02,16.58,31.33,21.13,0.0
2026-08-26 03:56:52,Zone_A,22.75,30.93,21.7,53.63,22.07,0.0
2026-08-26 04:45:02,Zone_A,40.9,22.25,26.63,37.34,3.85,0.0
2026-08-26 05:33:11,Zone_A,27.73,27.13,32.84,38.74,16.04,0.0
2026-08-26 06:21:21,Zone_A,35.65,31.22,17.52,33.14,8.49,0.0
2026-08-26 07:09:31,Zone_A,44.63,18.49,21.98,71.77,12.34,0.0
2026-08-26 07:57:40,Zone_A,29.55,14.61,17.38,79.85,5.2,0.0
2026-08-26 08:45:50,Zone_A,24.5,30.2,16.48,66.51,24.16,8.84
2026-08-26 09:33:59,Zone_A,13.88,21.54,21.72,70.2,24.57,0.0
2026-08-26 10:22:09,Zone_A,19.13,24.18,26.21,83.46,16.0,0.0
2026-08-26 11:10:19,Zone_A,17.44,18.06,21.52,76.78,14.91,0.0
2026-08-26 11:58:28,Zone_A,42.97,27.01,17.49,68.93,14.5,0.0
2026-08-26 12:46:38,Zone_A,29.45,16.98,36.81,76.75,17.39,0.0
2026-08-26 13:34:48,Zone_A,35.44,23.82,17.37,58.19,20.55,0.0
2026-08-26 14:22:57,Zone_A,40.31,17.62,21.69,39.06,9.59,0.0
2026-08-26 15:11:07,Zone_A,19.38,29.8,35.35,77.88,7.49,7.32
2026-08-26 15:59:16,Zone_A,39.79,14.49,17.43,55.52,22.91,0.0
2026-08-26 16:47:26,Zone_A,15.8,25.82,34.09,50.92,19.84,0.0
2026-08-26 17:35:36,Zone_A,30.84,19.17,33.44,61.77,16.6,0.0
2026-08-16 17:35:36,Zone_B,44.94,23.59,19.48,68.27,20.25,0.0
2026-08-16 18:23:45,Zone_B,44.62,18.98,37.64,37.74,6.65,0.0
2026-08-16 19:11:55,Zone_B,35.55,16.74,25.69,63.84,3.92,0.0
2026-08-16 20:00:05,Zone_B,30.19,31.41,25.19,84.13,17.36,0.0
2026-08-16 20:48:14,Zone_B,43.75,21.69,19.57,30.69,14.87,0.0
2026-08-16 21:36:24,Zone_B,44.05,15.43,32.09,40.31,21.74,0.0
2026-08-16 22:24:34,Zone_B,37.57,19.66,26.37,75.19,12.56,0.0
2026-08-16 23:12:43,Zone_B,41.82,20.03,19.82,69.16,21.0,0.0
2026-08-17 00:00:53,Zone_B,17.11,20.26,25.91,71.19,16.98,0.0
2026-08-17 00:49:02,Zone_B,42.29,22.48,37.54,64.88,4.9,0.0
2026-08-17 01:37:12,Zone_B,36.71,15.25,19.85,77.07,7.23,0.0
2026-08-17 02:25:22,Zone_B,35.14,26.49,27.28,46.79,6.89,0.0
2026-08-17 03:13:31,Zone_B,35.51,30.89,35.17,72.13,20.13,0.0
2026-08-17 04:01:41,Zone_B,44.66,26.07,28.33,36.1,12.28,0.0
2026-08-17 04:49:51,Zone_B,31.68,20.85,37.49,36.09,11.72,0.0
2026-08-17 05:38:00,Zone_B,45.05,19.04,34.88,46.07,22.95,0.0
2026-08-17 06:26:10,Zone_B,12.65,31.33,31.99,46.76,21.08,0.0
2026-08-17 07:14:19,Zone_B,16.05,26.67,27.9,35.31,7.56,0.0
2026-08-17 08:02:29,Zone_B,22.85,24.77,22.54,46.5,19.09,1.67
2026-08-17 08:50:39,Zone_B,42.68,26.02,29.05,79.08,6.26,0.0
2026-08-17 09:38:48,Zone_B,40.6,14.62,28.82,84.75,21.68,0.0
2026-08-17 10:26:58,Zone_B,41.93,24.78,18.53,35.16,22.92,0.0
2026-08-17 11:15:08,Zone_B,43.64,24.29,27.38,53.67,9.29,0.0
2026-08-17 12:03:17,Zone_B,33.67,30.07,25.75,63.39,16.52,0.0
2026-08-17 12:51:27,Zone_B,20.55,23.22,18.29,51.15,13.22,10.13
2026-08-17 13:39:37,Zone_B,33.62,27.38,27.14,64.88,3.63,0.0
2026-08-17 14:27:46,Zone_B,29.01,14.82,19.08,45.22,24.35,0.0
2026-08-17 15:15:56,Zone_B,19.06,24.99,22.18,41.38,13.88,0.0
2026-08-17 16:04:05,Zone_B,19.89,14.66,18.38,48.64,20.46,0.0
2026-08-17 16:52:15,Zone_B,22.57,30.77,24.73,34.79,16.19,0.0
2026-08-17 17:40:25,Zone_B,30.27,29.74,26.86,68.62,24.83,0.0
2026-08-17 18:28:34,Zone_B,26.2,21.59,25.04,79.92,18.42,0.0
2026-08-17 19:16:44,Zone_B,41.66,31.19,34.07,30.09,16.64,0.0
2026-08-17 20:04:54,Zone_B,14.14,24.87,31.1,36.3,10.83,0.0
2026-08-17 20:53:03,Zone_B,16.36,21.54,32.53,33.91,3.84,5.97
2026-08-17 21:41:13,Zone_B,36.07,26.22,23.96,62.65,2.23,9.91
2026-08-17 22:29:22,Zone_B,34.05,29.73,31.93,36.63,22.76,0.0
2026-08-17 23:17:32,Zone_B,17.12,14.21,25.28,46.23,13.18,0.0
2026-08-18 00:05:42,Zone_B,16.43,24.06,23.55,70.1,17.0,0.0
2026-08-18 00:53:51,Zone_B,27.48,26.11,22.06,46.85,20.15,0.0
2026-08-18 01:42:01,Zone_B,41.61,29.44,36.17,53.7,9.33,0.0
2026-08-18 02:30:11,Zone_B,33.64,26.7,31.14,50.6,5.84,0.0
2026-08-18 03:18:20,Zone_B,44.04,20.23,19.4,31.4,16.85,0.0
2026-08-18 04:06:30,Zone_B,14.58,21.37,22.85,67.24,15.93,0.0
2026-08-18 04:54:40,Zone_B,47.57,22.17,31.14,37.73,13.17,0.0
2026-08-18 05:42:49,Zone_B,46.7,20.92,16.86,31.7,10.92,0.0
2026-08-18 06:30:59,Zone_B,39.22,22.25,22.36,79.5,4.67,0.0
2026-08-18 07:19:08,Zone_B,43.98,24.85,34.19,84.12,8.63,0.0
2026-08-18 08:07:18,Zone_B,25.88,20.13,27.91,38.48,14.74,0.0
2026-08-18 08:55:28,Zone_B,42.01,21.93,22.65,44.26,6.48,0.0
2026-08-18 09:43:37,Zone_B,21.73,31.4,28.27,49.1,15.35,0.0
2026-08-18 10:31:47,Zone_B,34.54,22.8,24.84,84.66,22.25,0.0
2026-08-18 11:19:57,Zone_B,34.34,17.62,24.69,32.17,12.94,0.0
2026-08-18 12:08:06,Zone_B,46.71,30.37,31.89,59.34,22.01,0.0
2026-08-18 12:56:16,Zone_B,16.49,28.3,22.07,78.24,23.71,0.0
2026-08-18 13:44:25,Zone_B,47.32,22.7,35.0,62.38,10.63,0.0
2026-08-18 14:32:35,Zone_B,39.42,20.96,27.25,57.08,15.28,13.12
2026-08-18 15:20:45,Zone_B,26.67,28.9,32.82,61.54,23.99,0.0
2026-08-18 16:08:54,Zone_B,42.74,21.9,34.63,79.12,3.44,0.0
2026-08-18 16:57:04,Zone_B,30.38,25.28,36.38,31.05,12.97,0.0
2026-08-18 17:45:14,Zone_B,36.93,16.42,22.59,49.73,20.5,0.0
2026-08-18 18:33:23,Zone_B,46.47,14.16,37.95,67.23,21.05,0.0
2026-08-18 19:21:33,Zone_B,38.56,29.01,32.29,37.86,19.33,0.0
2026-08-18 20:09:43,Zone_B,39.58,29.23,29.5,34.87,13.22,0.0
2026-08-18 20:57:52,Zone_B,26.66,15.19,23.67,36.1,20.59,0.0
2026-08-18 21:46:02,Zone_B,46.38,23.41,22.59,34.23,13.51,0.0
2026-08-18 22:34:11,Zone_B,13.81,15.31,24.86,46.24,7.34,0.0
2026-08-18 23:22:21,Zone_B,45.45,21.29,35.93,47.68,12.96,0.0
2026-08-19 00:10:31,Zone_B,47.24,24.86,23.87,65.63,4.83,0.0
2026-08-19 00:58:40,Zone_B,28.18,24.55,29.75,33.95,17.7,0.0
2026-08-19 01:46:50,Zone_B,41.61,28.47,28.16,58.61,5.29,0.0
2026-08-19 02:35:00,Zone_B,29.88,19.12,18.94,64.63,3.25,0.0
2026-08-19 03:23:09,Zone_B,12.0,23.2,17.03,45.19,18.26,0.0
2026-08-19 04:11:19,Zone_B,12.14,18.44,32.3,47.39,4.34,0.0
2026-08-19 04:59:29,Zone_B,42.34,19.64,33.36,79.05,11.98,0.0
2026-08-19 05:47:38,Zone_B,46.71,15.61,31.11,57.16,10.92,0.0
2026-08-19 06:35:48,Zone_B,12.16,17.01,31.69,66.65,24.22,11.65
2026-08-19 07:23:57,Zone_B,37.29,19.36,18.32,73.0,16.82,0.0
2026-08-19 08:12:07,Zone_B,46.44,23.01,25.52,55.17,6.8,0.0
2026-08-19 09:00:17,Zone_B,13.88,27.82,25.16,75.22,21.56,0.0
2026-08-19 09:48:26,Zone_B,29.0,29.84,20.75,67.28,15.98,0.0
2026-08-19 10:36:36,Zone_B,35.46,27.29,22.94,65.47,11.09,0.0
2026-08-19 11:24:46,Zone_B,44.05,19.17,24.09,33.2,4.56,0.0
2026-08-19 12:12:55,Zone_B,42.08,14.26,24.34,48.55,2.44,0.0
2026-08-19 13:01:05,Zone_B,29.74,21.28,27.68,62.73,2.23,7.5
2026-08-19 13:49:14,Zone_B,30.69,26.2,22.86,72.57,19.78,8.3
2026-08-19 14:37:24,Zone_B,16.52,14.31,32.94,74.39,4.76,0.0
2026-08-19 15:25:34,Zone_B,22.56,27.92,27.4,49.15,10.55,0.0
2026-08-19 16:13:43,Zone_B,35.27,31.54,34.64,31.3,22.67,0.0
2026-08-19 17:01:53,Zone_B,28.49,21.16,22.66,33.61,7.25,0.0
2026-08-19 17:50:03,Zone_B,38.91,22.53,17.27,82.68,23.68,11.99
2026-08-19 18:38:12,Zone_B,31.6,31.33,17.66,50.11,7.18,0.0
2026-08-19 19:26:22,Zone_B,34.41,28.06,28.72,38.08,20.66,0.0
2026-08-19 20:14:32,Zone_B,36.27,18.68,23.59,80.46,8.68,0.0
2026-08-19 21:02:41,Zone_B,37.48,15.12,19.24,30.43,16.51,0.0
2026-08-19 21:50:51,Zone_B,46.49,23.53,21.32,57.53,17.63,0.0
2026-08-19 22:39:00,Zone_B,41.05,22.27,28.02,53.8,3.01,0.0
2026-08-19 23:27:10,Zone_B,19.53,14.9,34.56,83.97,20.24,0.0
2026-08-20 00:15:20,Zone_B,46.58,17.54,36.93,84.72,18.37,0.0
2026-08-20 01:03:29,Zone_B,21.34,21.87,29.06,34.02,16.31,0.0
2026-08-20 01:51:39,Zone_B,40.53,30.34,36.76,82.81,13.99,0.0
2026-08-20 02:39:49,Zone_B,17.82,22.58,31.8,43.6,16.73,0.0
2026-08-20 03:27:58,Zone_B,32.34,27.89,26.98,30.67,2.21,6.0
2026-08-20 04:16:08,Zone_B,20.23,25.42,20.89,47.69,21.5,0.0
2026-08-20 05:04:17,Zone_B,27.43,14.53,26.58,66.43,4.73,0.0
2026-08-20 05:52:27,Zone_B,45.1,31.88,16.99,71.86,10.55,0.0
2026-08-20 06:40:37,Zone_B,45.06,31.12,28.7,49.64,20.11,0.0
2026-08-20 07:28:46,Zone_B,24.91,25.82,21.29,40.54,23.12,0.0
2026-08-20 08:16:56,Zone_B,19.95,14.7,16.79,39.64,21.94,4.95
2026-08-20 09:05:06,Zone_B,32.94,21.86,28.76,58.42,19.45,0.0
2026-08-20 09:53:15,Zone_B,44.19,31.04,35.64,53.07,19.95,0.0
2026-08-20 10:41:25,Zone_B,19.37,24.64,20.09,48.24,21.67,0.0
2026-08-20 11:29:35,Zone_B,14.48,30.93,27.15,52.52,20.65,0.0
2026-08-20 12:17:44,Zone_B,36.97,27.88,30.4,38.34,22.15,0.0
2026-08-20 13:05:54,Zone_B,27.31,14.68,18.81,72.11,2.0,0.0
2026-08-20 13:54:03,Zone_B,13.97,31.52,20.97,46.73,8.99,0.0
2026-08-20 14:42:13,Zone_B,38.26,31.4,20.93,66.47,19.06,0.0
2026-08-20 15:30:23,Zone_B,22.91,19.86,31.68,74.92,6.18,6.19
2026-08-20 16:18:32,Zone_B,41.04,31.73,32.59,51.63,15.58,0.0
2026-08-20 17:06:42,Zone_B,31.6,26.77,19.68,72.93,15.43,0.0
2026-08-20 17:54:52,Zone_B,21.55,24.83,22.52,69.29,19.46,0.0
2026-08-20 18:43:01,Zone_B,30.32,20.65,36.52,75.51,18.04,0.0
2026-08-20 19:31:11,Zone_B,45.16,26.5,32.04,77.39,8.3,0.0
2026-08-20 20:19:20,Zone_B,24.43,20.04,37.53,77.11,18.13,0.0
2026-08-20 21:07:30,Zone_B,46.1,22.93,24.37,38.97,20.08,0.0
2026-08-20 21:55:40,Zone_B,12.91,29.1,16.25,68.7,24.32,0.0
2026-08-20 22:43:49,Zone_B,37.38,28.71,28.02,83.19,3.19,0.0
2026-08-20 23:31:59,Zone_B,43.06,17.23,33.6,60.4,11.12,0.0
2026-08-21 00:20:09,Zone_B,17.66,19.58,22.38,77.93,17.47,0.0
2026-08-21 01:08:18,Zone_B,34.5,24.29,34.32,79.83,2.28,0.0
2026-08-21 01:56:28,Zone_B,31.76,19.18,22.75,49.41,16.29,0.0
2026-08-21 02:44:38,Zone_B,26.56,15.23,33.24,45.72,11.95,0.0
2026-08-21 03:32:47,Zone_B,14.04,20.73,36.78,65.3,17.44,0.0
2026-08-21 04:20:57,Zone_B,27.06,27.52,18.23,45.28,8.36,7.05
2026-08-21 05:09:06,Zone_B,14.43,23.34,19.95,83.39,4.61,0.0
2026-08-21 05:57:16,Zone_B,37.36,21.61,23.62,51.87,8.08,0.0
2026-08-21 06:45:26,Zone_B,21.67,19.17,30.45,83.27,15.88,0.0
2026-08-21 07:33:35,Zone_B,46.25,19.35,18.03,62.95,16.34,0.0
2026-08-21 08:21:45,Zone_B,12.54,31.37,21.52,67.18,18.25,0.0
2026-08-21 09:09:55,Zone_B,21.76,24.76,35.05,82.07,4.44,3.17
2026-08-21 09:58:04,Zone_B,38.52,29.89,20.46,62.32,18.13,0.0
2026-08-21 10:46:14,Zone_B,12.55,24.49,21.57,54.76,24.02,0.0
2026-08-21 11:34:23,Zone_B,18.79,26.1,37.49,35.6,2.19,0.0
2026-08-21 12:22:33,Zone_B,38.94,30.46,25.55,44.23,11.99,0.0
2026-08-21 13:10:43,Zone_B,33.22,25.04,30.03,43.31,18.42,0.0
2026-08-21 13:58:52,Zone_B,43.59,27.3,16.3,43.66,6.93,0.0
2026-08-21 14:47:02,Zone_B,14.25,22.26,32.12,63.37,17.48,2.14
2026-08-21 15:35:12,Zone_B,42.19,28.49,34.11,81.3,14.52,0.0
2026-08-21 16:23:21,Zone_B,38.74,27.28,27.47,33.77,10.54,0.0
2026-08-21 17:11:31,Zone_B,31.38,18.84,24.11,79.24,17.33,0.0
2026-08-21 17:59:41,Zone_B,34.69,18.47,31.52,53.52,12.18,10.09
2026-08-21 18:47:50,Zone_B,14.3,28.85,22.43,54.42,2.5,0.0
2026-08-21 19:36:00,Zone_B,14.02,22.84,36.4,35.8,19.58,0.0
2026-08-21 20:24:09,Zone_B,21.37,16.87,19.53,33.88,6.27,0.0
2026-08-21 21:12:19,Zone_B,41.31,26.33,18.43,45.91,9.13,0.0
2026-08-21 22:00:29,Zone_B,31.28,20.42,23.78,75.57,20.15,5.31
2026-08-21 22:48:38,Zone_B,46.3,19.88,23.8,57.81,23.65,0.0
2026-08-21 23:36:48,Zone_B,26.14,23.96,27.07,40.66,21.75,0.0
2026-08-22 00:24:58,Zone_B,42.92,27.47,25.66,63.58,5.69,0.0
2026-08-22 01:13:07,Zone_B,36.98,18.13,18.59,39.09,2.05,0.0
2026-08-22 02:01:17,Zone_B,30.54,16.9,17.84,31.05,5.81,0.0
2026-08-22 02:49:26,Zone_B,24.75,15.9,20.89,58.56,15.98,0.0
2026-08-22 03:37:36,Zone_B,26.08,18.22,20.83,82.79,16.17,0.0
2026-08-22 04:25:46,Zone_B,27.44,23.74,31.32,68.62,5.95,0.0
2026-08-22 05:13:55,Zone_B,43.34,25.37,27.72,36.35,15.93,0.0
2026-08-22 06:02:05,Zone_B,17.14,26.46,20.54,51.55,22.6,0.0
2026-08-22 06:50:15,Zone_B,27.09,14.33,33.44,33.8,12.91,0.0
2026-08-22 07:38:24,Zone_B,36.79,18.56,16.22,69.79,14.32,0.0
2026-08-22 08:26:34,Zone_B,42.36,22.73,23.34,73.54,12.38,0.0
2026-08-22 09:14:44,Zone_B,43.77,22.39,17.67,51.33,20.48,0.0
2026-08-22 10:02:53,Zone_B,14.41,29.79,24.57,59.8,24.27,0.0
2026-08-22 10:51:03,Zone_B,14.67,20.76,33.68,53.84,24.94,0.0
2026-08-22 11:39:12,Zone_B,19.92,20.31,24.2,33.78,10.5,0.0
2026-08-22 12:27:22,Zone_B,35.64,26.76,16.18,41.97,17.22,0.0
2026-08-22 13:15:32,Zone_B,40.96,27.91,28.07,33.66,19.63,0.0
2026-08-22 14:03:41,Zone_B,39.06,28.45,27.4,37.72,17.44,0.0
2026-08-22 14:51:51,Zone_B,18.12,17.51,35.59,71.25,22.89,0.0
2026-08-22 15:40:01,Zone_B,35.55,30.0,28.73,64.78,5.6,0.0
2026-08-22 16:28:10,Zone_B,21.75,17.64,22.9,43.28,6.94,6.95
2026-08-22 17:16:20,Zone_B,30.25,17.38,17.69,68.29,10.8,0.0
2026-08-22 18:04:30,Zone_B,40.66,18.9,31.23,44.52,23.6,0.0
2026-08-22 18:52:39,Zone_B,21.7,17.44,31.28,42.03,15.69,0.0
2026-08-22 19:40:49,Zone_B,41.34,28.0,32.74,40.32,4.03,0.0
2026-08-22 20:28:58,Zone_B,27.56,14.56,21.71,31.85,22.22,0.0
2026-08-22 21:17:08,Zone_B,13.4,26.0,23.11,79.39,22.43,5.55
2026-08-22 22:05:18,Zone_B,47.86,28.86,34.59,43.7,15.26,0.0
2026-08-22 22:53:27,Zone_B,47.96,19.88,32.46,74.37,21.73,0.0
2026-08-22 23:41:37,Zone_B,13.45,21.4,18.86,31.23,10.29,0.0
2026-08-23 00:29:47,Zone_B,23.26,25.78,21.1,30.79,19.58,0.0
2026-08-23 01:17:56,Zone_B,13.4,29.07,29.63,60.99,16.37,0.0
2026-08-23 02:06:06,Zone_B,32.91,31.83,32.65,54.33,18.27,0.0
2026-08-23 02:54:15,Zone_B,33.49,30.71,36.44,48.8,14.14,3.96
2026-08-23 03:42:25,Zone_B,47.32,25.69,33.7,69.33,15.64,0.0
2026-08-23 04:30:35,Zone_B,36.29,26.2,24.21,81.79,5.85,0.0
2026-08-23 05:18:44,Zone_B,37.1,25.68,22.06,38.59,16.63,0.0
2026-08-23 06:06:54,Zone_B,37.39,22.19,30.69,76.06,5.9,0.0
2026-08-23 06:55:04,Zone_B,33.95,26.59,34.44,74.15,24.1,0.0
2026-08-23 07:43:13,Zone_B,26.47,16.77,28.6,45.24,23.19,0.0
2026-08-23 08:31:23,Zone_B,24.78,14.94,16.7,53.28,3.95,0.0
2026-08-23 09:19:33,Zone_B,43.78,25.86,20.65,77.46,22.38,0.0
2026-08-23 10:07:42,Zone_B,22.31,28.45,37.94,31.65,22.64,9.72
2026-08-23 10:55:52,Zone_B,28.74,29.25,17.37,48.44,3.54,0.0
2026-08-23 11:44:01,Zone_B,42.69,30.88,17.87,51.21,3.63,0.0
2026-08-23 12:32:11,Zone_B,28.89,18.83,18.22,39.21,5.39,0.0
2026-08-23 13:20:21,Zone_B,46.84,21.92,22.12,73.91,9.5,0.0
2026-08-23 14:08:30,Zone_B,16.67,18.62,23.82,67.07,3.44,0.0
2026-08-23 14:56:40,Zone_B,17.29,20.17,35.02,38.52,3.9,0.0
2026-08-23 15:44:50,Zone_B,32.28,28.47,19.02,61.94,13.63,0.0
2026-08-23 16:32:59,Zone_B,21.85,22.78,17.81,55.28,9.05,0.0
2026-08-23 17:21:09,Zone_B,27.07,22.25,31.95,61.59,17.35,0.0
2026-08-23 18:09:18,Zone_B,23.3,23.68,34.48,84.42,22.46,0.0
2026-08-23 18:57:28,Zone_B,29.62,27.35,26.84,56.57,21.28,0.0
2026-08-23 19:45:38,Zone_B,26.64,19.91,25.99,71.93,4.9,3.75
2026-08-23 20:33:47,Zone_B,18.32,24.22,28.74,56.93,16.83,0.0
2026-08-23 21:21:57,Zone_B,25.4,25.91,19.11,61.4,6.26,0.0
2026-08-23 22:10:07,Zone_B,18.58,28.86,22.29,80.99,24.31,0.0
2026-08-23 22:58:16,Zone_B,25.48,28.36,24.08,34.79,14.81,0.0
2026-08-23 23:46:26,Zone_B,18.3,26.11,20.85,42.0,22.1,0.0
2026-08-24 00:34:36,Zone_B,12.02,29.67,33.44,64.5,19.26,0.0
2026-08-24 01:22:45,Zone_B,24.64,15.69,26.69,80.64,2.92,0.0
2026-08-24 02:10:55,Zone_B,20.57,30.35,26.3,55.65,19.49,0.0
2026-08-24 02:59:04,Zone_B,27.48,24.74,37.99,72.32,11.15,0.0
2026-08-24 03:47:14,Zone_B,13.1,17.68,23.49,58.08,16.15,0.0
2026-08-24 04:35:24,Zone_B,30.05,14.9,16.77,60.31,12.08,0.0
2026-08-24 05:23:33,Zone_B,12.9,22.08,21.22,32.73,18.67,0.0
2026-08-24 06:11:43,Zone_B,22.12,17.12,24.35,74.08,11.02,0.0
2026-08-24 06:59:53,Zone_B,39.82,18.26,30.9,61.12,23.37,0.0
2026-08-24 07:48:02,Zone_B,12.69,28.88,27.54,72.64,7.39,0.0
2026-08-24 08:36:12,Zone_B,46.61,26.02,36.53,44.6,16.06,0.0
2026-08-24 09:24:21,Zone_B,42.53,31.05,35.47,70.65,8.38,4.94
2026-08-24 10:12:31,Zone_B,12.37,26.89,31.54,64.25,24.77,0.0
2026-08-24 11:00:41,Zone_B,14.84,21.97,21.74,48.89,21.2,0.0
2026-08-24 11:48:50,Zone_B,25.41,30.72,17.36,35.08,5.74,0.0
2026-08-24 12:37:00,Zone_B,46.85,22.04,27.03,43.57,12.83,0.0
2026-08-24 13:25:10,Zone_B,39.14,24.4,35.9,74.96,19.41,0.0
2026-08-24 14:13:19,Zone_B,19.65,25.94,25.05,52.13,22.35,13.54
2026-08-24 15:01:29,Zone_B,23.3,26.44,21.98,40.48,6.25,0.0
2026-08-24 15:49:39,Zone_B,41.91,16.16,32.17,59.23,8.62,0.0
2026-08-24 16:37:48,Zone_B,33.46,21.81,19.62,36.41,14.57,0.0
2026-08-24 17:25:58,Zone_B,38.39,25.86,36.49,75.15,15.03,0.0
2026-08-24 18:14:07,Zone_B,26.38,19.88,16.24,75.46,20.42,0.0
2026-08-24 19:02:17,Zone_B,28.7,16.14,37.57,41.81,3.55,0.0
2026-08-24 19:50:27,Zone_B,13.17,25.86,27.71,35.68,5.97,0.0
2026-08-24 20:38:36,Zone_B,45.78,28.74,37.64,44.28,24.3,0.0
2026-08-24 21:26:46,Zone_B,13.81,14.95,31.22,55.19,7.21,0.0
2026-08-24 22:14:56,Zone_B,32.79,20.47,34.12,75.14,12.98,0.0
2026-08-24 23:03:05,Zone_B,41.01,19.91,20.6,34.66,12.73,0.0
2026-08-24 23:51:15,Zone_B,19.96,20.86,33.78,75.3,10.85,0.0
2026-08-25 00:39:24,Zone_B,45.57,16.14,36.54,67.61,14.23,0.0
2026-08-25 01:27:34,Zone_B,26.68,16.9,30.44,83.41,14.93,0.0
2026-08-25 02:15:44,Zone_B,27.04,16.09,29.48,81.62,17.22,0.0
2026-08-25 03:03:53,Zone_B,31.82,21.26,34.34,74.81,16.07,0.0
2026-08-25 03:52:03,Zone_B,15.81,20.39,25.09,67.17,17.14,0.0
2026-08-25 04:40:13,Zone_B,18.54,16.82,34.2,32.31,11.64,0.0
2026-08-25 05:28:22,Zone_B,32.05,18.16,27.05,70.23,24.04,0.0
2026-08-25 06:16:32,Zone_B,45.63,30.5,29.98,64.64,11.27,0.0
2026-08-25 07:04:42,Zone_B,36.39,21.71,32.09,75.35,5.37,0.0
2026-08-25 07:52:51,Zone_B,42.41,21.76,24.34,80.33,7.78,0.0
2026-08-25 08:41:01,Zone_B,30.51,19.55,28.61,47.89,2.9,0.0
2026-08-25 09:29:10,Zone_B,47.22,31.38,24.69,70.06,9.95,0.0
2026-08-25 10:17:20,Zone_B,46.08,21.2,33.23,44.63,24.78,0.0
2026-08-25 11:05:30,Zone_B,35.74,26.38,18.65,81.62,6.17,0.0
2026-08-25 11:53:39,Zone_B,23.06,23.84,25.18,38.81,5.93,0.0
2026-08-25 12:41:49,Zone_B,44.33,15.51,24.65,35.51,2.38,0.0
2026-08-25 13:29:59,Zone_B,17.87,18.21,16.52,75.92,24.42,0.0
2026-08-25 14:18:08,Zone_B,43.26,30.68,25.23,32.78,2.91,0.0
2026-08-25 15:06:18,Zone_B,13.03,24.5,16.25,73.31,9.05,0.0
2026-08-25 15:54:27,Zone_B,26.32,31.53,27.97,45.14,18.32,4.8
2026-08-25 16:42:37,Zone_B,25.49,23.9,17.11,53.44,21.14,0.0
2026-08-25 17:30:47,Zone_B,20.14,28.71,36.47,35.24,12.35,0.0
2026-08-25 18:18:56,Zone_B,15.01,17.8,32.55,32.82,13.33,0.0
2026-08-25 19:07:06,Zone_B,26.2,23.54,19.55,61.46,20.52,0.0
2026-08-25 19:55:16,Zone_B,17.37,18.83,23.94,52.47,17.63,0.0
2026-08-25 20:43:25,Zone_B,26.11,26.55,20.26,65.28,7.98,0.0
2026-08-25 21:31:35,Zone_B,22.7,18.14,25.05,43.23,17.46,0.0
2026-08-25 22:19:45,Zone_B,41.68,21.15,19.44,70.59,10.29,0.0
2026-08-25 23:07:54,Zone_B,14.92,31.87,19.44,84.36,24.48,0.0
2026-08-25 23:56:04,Zone_B,32.8,29.59,22.37,55.72,16.25,0.0
2026-08-26 00:44:13,Zone_B,23.89,24.16,34.71,41.08,23.49,0.0
2026-08-26 01:32:23,Zone_B,32.02,28.03,16.36,75.01,2.92,13.46
2026-08-26 02:20:33,Zone_B,22.59,17.79,32.84,43.92,21.91,0.0
2026-08-26 03:08:42,Zone_B,47.25,26.13,34.63,47.84,17.56,0.0
2026-08-26 03:56:52,Zone_B,36.57,24.36,25.44,45.18,19.68,0.0
2026-08-26 04:45:02,Zone_B,20.4,25.26,32.44,42.03,3.38,0.0
2026-08-26 05:33:11,Zone_B,42.58,14.81,32.15,48.77,13.01,0.0
2026-08-26 06:21:21,Zone_B,28.75,14.25,17.8,44.22,2.64,0.0
2026-08-26 07:09:31,Zone_B,31.73,17.14,22.51,66.51,24.2,0.0
2026-08-26 07:57:40,Zone_B,32.77,24.15,27.01,33.82,4.07,0.0
2026-08-26 08:45:50,Zone_B,45.02,21.32,19.15,69.31,8.75,0.0
2026-08-26 09:33:59,Zone_B,44.41,28.26,30.88,67.38,23.76,0.0
2026-08-26 10:22:09,Zone_B,21.79,17.92,30.56,64.85,15.65,0.0
2026-08-26 11:10:19,Zone_B,23.65,25.97,28.24,48.85,5.1,0.0
2026-08-26 11:58:28,Zone_B,45.06,25.7,18.28,52.11,18.77,0.0
2026-08-26 12:46:38,Zone_B,12.0,26.82,23.85,44.0,2.3,0.0
2026-08-26 13:34:48,Zone_B,46.47,24.18,27.32,34.68,14.62,0.0
2026-08-26 14:22:57,Zone_B,25.99,18.33,18.09,47.32,4.22,3.48
2026-08-26 15:11:07,Zone_B,27.99,23.57,35.22,84.76,15.4,0.0
2026-08-26 15:59:16,Zone_B,23.01,21.25,30.8,67.52,9.25,0.0
2026-08-26 16:47:26,Zone_B,16.62,24.41,31.26,68.53,19.33,0.0
2026-08-26 17:35:36,Zone_B,38.29,25.15,20.11,31.41,8.54,0.0
2026-08-16 17:35:36,Zone_C,42.6,17.53,18.76,82.99,4.49,0.0
2026-08-16 18:23:45,Zone_C,31.49,15.55,17.25,35.8,15.47,0.0
2026-08-16 19:11:55,Zone_C,34.96,28.76,16.91,57.4,17.85,0.0
2026-08-16 20:00:05,Zone_C,34.09,30.16,33.82,62.07,18.8,0.0
2026-08-16 20:48:14,Zone_C,28.78,17.42,31.44,60.61,10.25,0.0
2026-08-16 21:36:24,Zone_C,23.37,15.02,32.86,68.62,9.62,0.0
2026-08-16 22:24:34,Zone_C,39.23,22.18,25.07,81.41,7.77,0.0
2026-08-16 23:12:43,Zone_C,46.9,20.8,17.36,48.66,13.64,0.0
2026-08-17 00:00:53,Zone_C,47.92,22.13,23.8,52.04,4.65,0.0
2026-08-17 00:49:02,Zone_C,25.94,25.87,25.72,65.65,3.41,12.39
2026-08-17 01:37:12,Zone_C,35.36,31.18,19.33,56.26,15.84,0.0
2026-08-17 02:25:22,Zone_C,24.17,16.28,24.62,38.95,18.89,0.0
2026-08-17 03:13:31,Zone_C,31.89,24.71,35.18,61.73,9.95,0.0
2026-08-17 04:01:41,Zone_C,14.85,24.19,35.98,51.8,8.82,0.0
2026-08-17 04:49:51,Zone_C,27.58,24.72,17.77,81.68,19.37,0.0
2026-08-17 05:38:00,Zone_C,14.89,22.58,29.86,75.58,20.02,4.88
2026-08-17 06:26:10,Zone_C,16.48,29.75,37.36,39.74,18.61,0.0
2026-08-17 07:14:19,Zone_C,30.59,24.45,36.59,66.97,13.07,12.34
2026-08-17 08:02:29,Zone_C,12.79,31.69,17.89,74.79,8.45,0.0
2026-08-17 08:50:39,Zone_C,35.18,20.86,17.2,62.97,22.76,0.0
2026-08-17 09:38:48,Zone_C,27.93,14.87,34.05,75.45,15.52,0.0
2026-08-17 10:26:58,Zone_C,31.97,28.87,29.89,73.14,15.77,6.8
2026-08-17 11:15:08,Zone_C,31.48,24.89,20.85,64.41,15.15,0.0
2026-08-17 12:03:17,Zone_C,33.76,27.75,27.51,42.47,17.33,0.0
2026-08-17 12:51:27,Zone_C,17.88,17.32,20.45,51.27,3.18,0.0
2026-08-17 13:39:37,Zone_C,29.4,20.89,34.46,37.99,13.63,0.0
2026-08-17 14:27:46,Zone_C,32.66,24.19,35.32,60.68,24.08,0.0
2026-08-17 15:15:56,Zone_C,13.59,17.33,27.91,65.51,3.05,0.0
2026-08-17 16:04:05,Zone_C,22.68,15.39,19.74,36.98,4.84,0.0
2026-08-17 16:52:15,Zone_C,24.89,31.81,31.05,82.19,5.28,0.0
2026-08-17 17:40:25,Zone_C,14.76,14.08,30.75,65.3,11.45,0.0
2026-08-17 18:28:34,Zone_C,12.86,20.04,19.9,35.41,24.0,0.0
2026-08-17 19:16:44,Zone_C,23.35,21.08,21.21,35.33,6.12,0.0
2026-08-17 20:04:54,Zone_C,31.69,22.55,36.29,34.0,8.45,0.0
2026-08-17 20:53:03,Zone_C,47.73,18.33,35.23,75.68,7.17,0.0
2026-08-17 21:41:13,Zone_C,47.22,17.26,33.58,48.38,18.81,0.0
2026-08-17 22:29:22,Zone_C,41.97,28.47,35.06,33.28,17.92,0.0
2026-08-17 23:17:32,Zone_C,31.75,21.25,27.43,84.81,5.11,0.0
2026-08-18 00:05:42,Zone_C,16.79,16.86,36.88,78.38,22.86,0.0
2026-08-18 00:53:51,Zone_C,24.8,26.05,26.64,53.01,10.23,0.0
2026-08-18 01:42:01,Zone_C,17.81,22.49,28.18,61.37,6.83,0.0
2026-08-18 02:30:11,Zone_C,24.77,28.04,28.41,44.36,17.98,0.0
2026-08-18 03:18:20,Zone_C,38.46,24.98,26.74,37.33,8.01,0.0
2026-08-18 04:06:30,Zone_C,30.49,19.19,16.14,57.29,8.57,0.0
2026-08-18 04:54:40,Zone_C,33.05,30.95,19.84,55.94,4.1,0.0
2026-08-18 05:42:49,Zone_C,26.67,23.38,35.72,40.8,2.52,0.0
2026-08-18 06:30:59,Zone_C,44.06,24.75,33.82,53.63,19.25,0.0
2026-08-18 07:19:08,Zone_C,18.51,18.84,20.37,43.58,9.05,0.0
2026-08-18 08:07:18,Zone_C,27.35,25.08,17.79,34.83,5.95,0.0
2026-08-18 08:55:28,Zone_C,22.2,21.21,33.86,30.76,16.94,0.0
2026-08-18 09:43:37,Zone_C,45.58,14.36,19.38,78.74,12.55,0.0
2026-08-18 10:31:47,Zone_C,36.45,30.77,37.93,69.61,8.61,0.0
2026-08-18 11:19:57,Zone_C,20.32,30.15,21.64,42.14,5.18,0.0
2026-08-18 12:08:06,Zone_C,36.3,18.3,32.68,71.8,9.19,0.0
2026-08-18 12:56:16,Zone_C,47.16,25.62,36.56,46.69,19.98,0.0
2026-08-18 13:44:25,Zone_C,46.76,21.08,18.88,66.94,18.77,0.0
2026-08-18 14:32:35,Zone_C,30.16,19.62,25.4,65.49,19.14,0.0
2026-08-18 15:20:45,Zone_C,21.69,17.58,33.23,80.01,10.52,0.0
2026-08-18 16:08:54,Zone_C,42.46,17.29,37.04,50.72,9.8,0.0
2026-08-18 16:57:04,Zone_C,15.92,18.47,22.97,74.49,22.14,0.0
2026-08-18 17:45:14,Zone_C,42.86,27.76,19.23,67.97,23.74,0.0
2026-08-18 18:33:23,Zone_C,30.02,25.62,27.23,36.6,9.18,0.0
2026-08-18 19:21:33,Zone_C,16.94,31.14,23.23,66.43,19.29,12.37
2026-08-18 20:09:43,Zone_C,23.27,29.45,18.9,68.78,19.07,0.0
2026-08-18 20:57:52,Zone_C,43.43,17.04,17.18,69.46,12.94,0.0
2026-08-18 21:46:02,Zone_C,18.06,29.06,28.08,40.41,18.57,0.0
2026-08-18 22:34:11,Zone_C,28.59,28.92,34.25,69.02,4.42,0.0
2026-08-18 23:22:21,Zone_C,37.09,20.53,35.34,69.9,4.59,0.0
2026-08-19 00:10:31,Zone_C,13.7,31.31,30.94,64.73,8.22,4.48
2026-08-19 00:58:40,Zone_C,22.74,27.96,24.65,37.66,2.25,8.62
2026-08-19 01:46:50,Zone_C,25.29,20.43,23.57,58.63,12.14,0.0
2026-08-19 02:35:00,Zone_C,30.28,16.49,37.62,43.75,3.69,0.0
2026-08-19 03:23:09,Zone_C,26.95,21.6,33.27,40.76,20.87,0.0
2026-08-19 04:11:19,Zone_C,28.49,18.62,32.55,58.21,9.38,9.34
2026-08-19 04:59:29,Zone_C,27.67,30.57,23.59,33.01,6.7,0.0
2026-08-19 05:47:38,Zone_C,12.01,30.47,34.57,70.83,5.86,0.0
2026-08-19 06:35:48,Zone_C,38.07,30.72,25.47,36.55,13.79,0.0
2026-08-19 07:23:57,Zone_C,34.37,26.94,18.43,31.96,24.87,0.0
2026-08-19 08:12:07,Zone_C,18.84,14.7,24.62,74.13,9.85,0.0
2026-08-19 09:00:17,Zone_C,30.32,29.51,35.05,30.55,19.9,7.45
2026-08-19 09:48:26,Zone_C,29.4,31.76,32.6,43.67,14.38,0.0
2026-08-19 10:36:36,Zone_C,15.51,26.71,23.6,30.38,11.28,0.0
2026-08-19 11:24:46,Zone_C,24.14,28.9,16.01,46.93,7.55,0.0
2026-08-19 12:12:55,Zone_C,18.74,24.0,22.41,52.96,10.67,13.26
2026-08-19 13:01:05,Zone_C,29.75,19.94,18.35,82.44,3.39,0.0
2026-08-19 13:49:14,Zone_C,23.53,16.96,33.23,36.74,16.6,0.0
2026-08-19 14:37:24,Zone_C,44.74,17.42,34.07,59.95,3.79,0.0
2026-08-19 15:25:34,Zone_C,42.95,17.04,34.79,30.73,13.77,11.77
2026-08-19 16:13:43,Zone_C,44.73,28.75,35.54,40.96,8.54,0.0
2026-08-19 17:01:53,Zone_C,26.16,23.8,19.52,68.02,5.85,0.0
2026-08-19 17:50:03,Zone_C,40.67,27.31,30.2,38.57,14.58,0.0
2026-08-19 18:38:12,Zone_C,26.89,14.72,22.03,82.56,23.93,0.0
2026-08-19 19:26:22,Zone_C,18.45,21.06,36.85,37.77,19.56,2.52
2026-08-19 20:14:32,Zone_C,25.74,27.95,23.54,64.52,6.42,3.04
2026-08-19 21:02:41,Zone_C,45.04,29.97,29.76,74.45,3.59,0.0
2026-08-19 21:50:51,Zone_C,34.88,20.41,19.27,62.81,20.73,0.0
2026-08-19 22:39:00,Zone_C,19.08,18.27,22.6,65.35,15.82,0.0
2026-08-19 23:27:10,Zone_C,41.66,17.67,26.32,74.05,6.14,0.0
2026-08-20 00:15:20,Zone_C,24.35,26.31,16.56,67.95,9.27,0.0
2026-08-20 01:03:29,Zone_C,20.67,20.96,17.77,38.09,8.85,2.26
2026-08-20 01:51:39,Zone_C,12.22,22.71,18.71,46.92,23.3,3.26
2026-08-20 02:39:49,Zone_C,19.41,27.35,28.03,78.65,14.74,0.0
2026-08-20 03:27:58,Zone_C,17.98,30.5,23.21,50.46,19.48,5.74
2026-08-20 04:16:08,Zone_C,38.57,24.75,35.38,32.73,7.91,0.0
2026-08-20 05:04:17,Zone_C,38.78,30.55,25.32,48.82,24.12,0.0
2026-08-20 05:52:27,Zone_C,24.66,30.37,28.52,71.92,20.67,0.0
2026-08-20 06:40:37,Zone_C,42.54,20.54,33.47,81.75,16.33,0.0
2026-08-20 07:28:46,Zone_C,42.42,21.11,17.13,52.1,17.5,0.0
2026-08-20 08:16:56,Zone_C,24.85,25.43,20.1,71.22,14.55,0.0
2026-08-20 09:05:06,Zone_C,38.95,22.69,20.75,83.2,18.45,0.0
2026-08-20 09:53:15,Zone_C,29.1,30.16,27.55,68.9,7.8,0.0
2026-08-20 10:41:25,Zone_C,19.42,14.02,16.86,83.75,7.57,0.0
2026-08-20 11:29:35,Zone_C,31.82,16.76,32.02,63.01,18.82,11.78
2026-08-20 12:17:44,Zone_C,32.65,20.15,30.27,33.76,22.64,0.0
2026-08-20 13:05:54,Zone_C,41.37,24.75,24.66,56.04,21.65,0.0
2026-08-20 13:54:03,Zone_C,15.17,27.98,34.65,40.0,11.9,0.0
2026-08-20 14:42:13,Zone_C,31.27,25.44,20.32,41.65,2.95,0.0
2026-08-20 15:30:23,Zone_C,42.89,26.0,25.58,82.42,18.54,0.0
2026-08-20 16:18:32,Zone_C,21.32,14.95,31.97,36.67,8.96,0.0
2026-08-20 17:06:42,Zone_C,33.62,16.99,24.35,63.95,24.31,11.19
2026-08-20 17:54:52,Zone_C,39.44,24.65,20.22,66.67,16.34,0.0
2026-08-20 18:43:01,Zone_C,31.03,20.02,27.42,40.87,20.52,0.0
2026-08-20 19:31:11,Zone_C,27.7,25.85,25.63,45.22,14.84,5.86
2026-08-20 20:19:20,Zone_C,45.22,23.04,23.21,70.54,2.84,0.0
2026-08-20 21:07:30,Zone_C,45.14,14.22,28.16,70.74,13.16,2.2
2026-08-20 21:55:40,Zone_C,30.65,25.06,21.21,56.59,11.87,0.0
2026-08-20 22:43:49,Zone_C,42.15,18.32,20.29,57.77,19.68,0.0
2026-08-20 23:31:59,Zone_C,16.29,14.66,17.16,75.88,4.71,0.0
2026-08-21 00:20:09,Zone_C,42.38,18.72,25.28,32.2,12.33,0.0
2026-08-21 01:08:18,Zone_C,23.97,19.68,18.35,50.17,4.29,11.73
2026-08-21 01:56:28,Zone_C,46.92,29.57,29.22,68.55,8.56,0.0
2026-08-21 02:44:38,Zone_C,29.35,27.64,22.2,47.49,23.27,0.0
2026-08-21 03:32:47,Zone_C,44.86,24.99,28.02,43.74,9.9,0.0
2026-08-21 04:20:57,Zone_C,30.53,15.79,16.35,83.0,10.67,0.0
2026-08-21 05:09:06,Zone_C,36.59,30.79,28.66,36.94,15.38,0.0
2026-08-21 05:57:16,Zone_C,43.67,25.68,35.78,64.29,5.02,0.0
2026-08-21 06:45:26,Zone_C,44.72,27.69,30.88,46.55,6.23,0.0
2026-08-21 07:33:35,Zone_C,20.13,25.1,16.89,47.94,12.78,3.07
2026-08-21 08:21:45,Zone_C,19.53,16.35,20.48,72.3,11.79,0.0
2026-08-21 09:09:55,Zone_C,13.24,22.02,33.97,78.69,3.99,8.54
2026-08-21 09:58:04,Zone_C,25.97,28.93,18.94,81.45,19.28,0.0
2026-08-21 10:46:14,Zone_C,25.08,30.89,22.06,48.27,18.12,11.71
2026-08-21 11:34:23,Zone_C,19.37,28.36,32.25,33.51,10.91,0.0
2026-08-21 12:22:33,Zone_C,47.39,25.57,31.79,83.71,10.68,0.0
2026-08-21 13:10:43,Zone_C,43.3,17.25,36.85,42.03,9.5,0.0
2026-08-21 13:58:52,Zone_C,33.9,22.0,32.33,42.56,3.34,0.0
2026-08-21 14:47:02,Zone_C,18.05,20.39,24.8,33.16,15.42,0.0
2026-08-21 15:35:12,Zone_C,33.52,25.97,25.23,68.56,11.45,0.0
2026-08-21 16:23:21,Zone_C,36.9,25.9,16.84,50.25,24.52,0.0
2026-08-21 17:11:31,Zone_C,44.76,26.91,28.81,73.88,21.88,0.0
2026-08-21 17:59:41,Zone_C,25.9,31.4,31.34,34.58,21.85,0.0
2026-08-21 18:47:50,Zone_C,31.79,21.51,35.31,41.22,21.01,0.0
2026-08-21 19:36:00,Zone_C,46.99,23.23,22.4,55.82,21.73,0.0
2026-08-21 20:24:09,Zone_C,16.65,19.36,33.16,55.94,7.23,0.0
2026-08-21 21:12:19,Zone_C,45.84,20.17,37.74,56.69,6.12,0.0
2026-08-21 22:00:29,Zone_C,37.55,31.71,17.1,35.32,18.57,0.0
2026-08-21 22:48:38,Zone_C,13.42,14.39,33.04,37.39,12.76,0.0
2026-08-21 23:36:48,Zone_C,12.98,28.1,16.23,71.9,22.55,0.0
2026-08-22 00:24:58,Zone_C,29.17,21.01,35.52,79.17,9.72,9.61
2026-08-22 01:13:07,Zone_C,46.63,23.16,25.96,45.33,24.05,0.0
2026-08-22 02:01:17,Zone_C,22.17,19.02,24.91,84.93,3.26,0.0
2026-08-22 02:49:26,Zone_C,17.56,21.91,27.23,44.23,9.28,0.0
2026-08-22 03:37:36,Zone_C,46.8,31.0,23.37,61.4,22.92,0.0
2026-08-22 04:25:46,Zone_C,46.14,15.64,19.55,82.84,14.36,0.0
2026-08-22 05:13:55,Zone_C,28.2,26.47,32.13,84.75,8.61,0.0
2026-08-22 06:02:05,Zone_C,26.6,17.04,37.5,76.93,13.46,0.0
2026-08-22 06:50:15,Zone_C,31.58,26.51,27.33,84.47,16.06,0.0
2026-08-22 07:38:24,Zone_C,18.14,20.92,23.63,53.75,19.98,0.0
2026-08-22 08:26:34,Zone_C,32.75,20.16,33.82,43.11,7.16,0.0
2026-08-22 09:14:44,Zone_C,12.33,25.67,27.24,54.5,24.24,0.0
2026-08-22 10:02:53,Zone_C,17.02,24.25,35.1,62.07,18.51,0.0
2026-08-22 10:51:03,Zone_C,28.48,21.1,35.08,43.42,24.23,0.0
2026-08-22 11:39:12,Zone_C,24.53,30.12,37.27,54.39,9.38,0.0
2026-08-22 12:27:22,Zone_C,21.85,27.26,17.14,32.71,10.88,0.0
2026-08-22 13:15:32,Zone_C,29.68,19.77,20.23,47.02,24.42,0.0
2026-08-22 14:03:41,Zone_C,32.76,31.7,21.32,67.47,18.47,0.0
2026-08-22 14:51:51,Zone_C,36.37,15.15,29.12,70.68,6.85,0.0
2026-08-22 15:40:01,Zone_C,42.38,22.29,20.79,37.36,23.93,0.0
2026-08-22 16:28:10,Zone_C,24.52,25.16,27.99,36.91,8.66,0.0
2026-08-22 17:16:20,Zone_C,26.8,26.67,20.78,50.17,10.99,14.67
2026-08-22 18:04:30,Zone_C,40.8,18.35,17.5,47.43,8.14,0.0
2026-08-22 18:52:39,Zone_C,42.9,29.21,23.91,67.8,9.2,0.0
2026-08-22 19:40:49,Zone_C,12.35,21.37,23.25,68.14,19.62,0.0
2026-08-22 20:28:58,Zone_C,22.58,22.03,31.99,68.11,24.71,0.0
2026-08-22 21:17:08,Zone_C,33.95,30.47,19.44,71.35,15.07,0.0
2026-08-22 22:05:18,Zone_C,24.02,24.43,35.56,61.31,16.53,0.0
2026-08-22 22:53:27,Zone_C,20.38,22.86,22.83,40.0,13.6,0.0
2026-08-22 23:41:37,Zone_C,28.7,16.4,36.41,77.72,18.28,0.0
2026-08-23 00:29:47,Zone_C,41.09,27.82,18.51,65.41,21.19,0.0
2026-08-23 01:17:56,Zone_C,28.5,23.52,16.76,65.14,3.87,0.0
2026-08-23 02:06:06,Zone_C,31.64,16.4,31.22,73.73,5.76,0.0
2026-08-23 02:54:15,Zone_C,43.58,23.51,26.28,35.87,16.94,0.0
2026-08-23 03:42:25,Zone_C,34.54,15.36,18.47,32.71,7.92,0.0
2026-08-23 04:30:35,Zone_C,25.86,30.97,29.43,75.92,18.34,0.0
2026-08-23 05:18:44,Zone_C,21.9,25.5,23.5,84.87,8.06,4.91
2026-08-23 06:06:54,Zone_C,12.89,26.54,31.96,76.0,24.41,0.0
2026-08-23 06:55:04,Zone_C,41.59,25.63,30.24,37.06,16.95,14.75
2026-08-23 07:43:13,Zone_C,27.81,14.72,23.97,75.45,18.13,0.0
2026-08-23 08:31:23,Zone_C,27.37,22.44,36.43,65.26,9.17,0.0
2026-08-23 09:19:33,Zone_C,47.01,20.48,26.51,49.54,17.7,0.0
2026-08-23 10:07:42,Zone_C,21.65,19.68,18.76,66.05,2.92,0.0
2026-08-23 10:55:52,Zone_C,44.07,22.08,26.1,34.23,17.43,0.0
2026-08-23 11:44:01,Zone_C,27.17,29.1,35.3,43.37,14.66,0.0
2026-08-23 12:32:11,Zone_C,44.8,28.77,32.72,32.68,21.41,0.0
2026-08-23 13:20:21,Zone_C,31.67,15.64,32.65,62.03,6.29,0.0
2026-08-23 14:08:30,Zone_C,14.05,24.58,34.49,30.96,3.13,0.0
2026-08-23 14:56:40,Zone_C,23.76,20.29,29.12,45.08,2.61,0.0
2026-08-23 15:44:50,Zone_C,32.91,27.35,30.86,41.32,10.11,0.0
2026-08-23 16:32:59,Zone_C,36.34,29.45,37.18,64.56,6.23,0.0
2026-08-23 17:21:09,Zone_C,32.84,25.13,33.19,68.68,21.19,0.0
2026-08-23 18:09:18,Zone_C,42.63,19.15,30.09,47.28,24.03,0.0
2026-08-23 18:57:28,Zone_C,17.99,26.82,19.87,42.95,13.37,0.0
2026-08-23 19:45:38,Zone_C,17.19,27.66,27.01,80.15,5.37,0.0
2026-08-23 20:33:47,Zone_C,17.64,26.3,29.06,71.52,9.12,0.0
2026-08-23 21:21:57,Zone_C,47.43,19.26,22.49,49.5,14.99,4.53
2026-08-23 22:10:07,Zone_C,21.56,30.12,18.28,66.11,22.86,3.36
2026-08-23 22:58:16,Zone_C,28.3,31.02,30.89,46.59,6.33,0.0
2026-08-23 23:46:26,Zone_C,17.18,15.88,25.3,73.76,5.25,0.0
2026-08-24 00:34:36,Zone_C,19.1,15.76,19.67,80.81,20.89,0.0
2026-08-24 01:22:45,Zone_C,31.34,26.19,31.02,64.58,8.12,0.0
2026-08-24 02:10:55,Zone_C,44.08,24.25,34.31,84.54,5.76,0.0
2026-08-24 02:59:04,Zone_C,47.28,31.74,31.11,43.4,20.37,0.0
2026-08-24 03:47:14,Zone_C,44.77,20.89,29.87,53.66,12.07,0.0
2026-08-24 04:35:24,Zone_C,45.7,30.93,19.85,78.11,18.96,0.0
2026-08-24 05:23:33,Zone_C,21.65,30.42,29.93,69.66,7.91,0.0
2026-08-24 06:11:43,Zone_C,25.51,25.28,19.21,75.27,7.41,0.0
2026-08-24 06:59:53,Zone_C,33.46,15.93,16.37,80.03,8.2,12.48
2026-08-24 07:48:02,Zone_C,19.61,18.77,30.58,83.1,23.06,0.0
2026-08-24 08:36:12,Zone_C,16.89,31.59,37.22,39.01,8.89,0.0
2026-08-24 09:24:21,Zone_C,41.37,20.81,17.94,48.82,24.57,0.0
2026-08-24 10:12:31,Zone_C,18.0,31.75,34.06,45.48,3.61,0.0
2026-08-24 11:00:41,Zone_C,32.91,30.72,26.93,76.36,12.26,0.0
2026-08-24 11:48:50,Zone_C,18.26,20.5,30.02,33.89,10.32,8.49
2026-08-24 12:37:00,Zone_C,29.08,28.69,25.51,73.8,15.69,0.0
2026-08-24 13:25:10,Zone_C,33.75,25.34,25.18,37.94,4.15,0.0
2026-08-24 14:13:19,Zone_C,20.51,17.81,32.19,47.6,13.64,3.28
2026-08-24 15:01:29,Zone_C,42.66,29.55,24.95,71.93,5.31,0.0
2026-08-24 15:49:39,Zone_C,33.12,22.2,27.4,30.41,11.72,0.0
2026-08-24 16:37:48,Zone_C,38.36,18.19,33.89,62.36,6.85,0.0
2026-08-24 17:25:58,Zone_C,41.88,21.48,21.68,77.69,17.39,0.0
2026-08-24 18:14:07,Zone_C,19.35,25.28,23.89,84.76,13.04,0.0
2026-08-24 19:02:17,Zone_C,45.0,28.41,25.92,69.53,15.48,0.0
2026-08-24 19:50:27,Zone_C,28.7,18.42,36.13,48.45,23.9,0.0
2026-08-24 20:38:36,Zone_C,31.55,16.33,24.27,35.45,16.33,0.0
2026-08-24 21:26:46,Zone_C,19.94,16.96,24.94,80.96,18.34,0.0
2026-08-24 22:14:56,Zone_C,15.03,31.72,30.66,45.7,15.47,2.53
2026-08-24 23:03:05,Zone_C,18.29,25.66,21.4,69.47,19.87,0.0
2026-08-24 23:51:15,Zone_C,44.13,15.42,23.28,43.66,24.72,0.0
2026-08-25 00:39:24,Zone_C,36.65,17.82,21.26,45.47,11.46,0.0
2026-08-25 01:27:34,Zone_C,43.66,31.38,23.51,48.62,2.16,0.0
2026-08-25 02:15:44,Zone_C,17.28,16.87,33.38,63.9,3.03,0.0
2026-08-25 03:03:53,Zone_C,25.27,27.86,33.84,52.02,23.78,0.0
2026-08-25 03:52:03,Zone_C,29.42,30.16,35.97,34.81,23.54,0.0
2026-08-25 04:40:13,Zone_C,19.23,28.49,34.7,45.9,23.9,0.0
2026-08-25 05:28:22,Zone_C,31.35,24.36,30.19,30.93,24.09,0.0
2026-08-25 06:16:32,Zone_C,12.5,24.2,36.51,66.63,20.92,0.0
2026-08-25 07:04:42,Zone_C,28.54,22.98,17.59,67.64,13.57,0.0
2026-08-25 07:52:51,Zone_C,17.38,25.67,19.79,77.98,16.1,3.2
2026-08-25 08:41:01,Zone_C,30.66,15.31,29.79,43.93,20.48,12.45
2026-08-25 09:29:10,Zone_C,30.07,22.19,32.58,37.29,14.58,0.0
2026-08-25 10:17:20,Zone_C,27.05,29.36,34.84,35.46,4.09,0.0
2026-08-25 11:05:30,Zone_C,16.64,26.96,18.23,64.27,10.19,0.0
2026-08-25 11:53:39,Zone_C,35.01,18.24,31.7,78.05,4.92,0.0
2026-08-25 12:41:49,Zone_C,16.58,21.7,19.54,68.52,19.45,0.0
2026-08-25 13:29:59,Zone_C,41.33,30.85,27.3,82.27,14.32,0.0
2026-08-25 14:18:08,Zone_C,29.75,22.49,26.79,76.57,21.13,0.0
2026-08-25 15:06:18,Zone_C,29.71,24.31,21.24,73.67,13.19,0.0
2026-08-25 15:54:27,Zone_C,20.6,31.09,22.71,39.29,12.6,0.0
2026-08-25 16:42:37,Zone_C,23.63,23.79,28.14,49.61,12.29,0.0
2026-08-25 17:30:47,Zone_C,21.3,18.38,26.07,71.77,6.74,0.0
2026-08-25 18:18:56,Zone_C,27.08,27.97,23.45,61.01,6.71,0.0
2026-08-25 19:07:06,Zone_C,42.69,17.57,35.24,49.39,18.62,5.47
2026-08-25 19:55:16,Zone_C,16.56,17.21,26.85,34.51,6.51,14.21
2026-08-25 20:43:25,Zone_C,25.55,30.62,27.99,44.84,18.16,10.22
2026-08-25 21:31:35,Zone_C,21.54,26.1,17.14,36.25,2.09,0.0
2026-08-25 22:19:45,Zone_C,40.32,23.18,22.6,38.32,8.55,0.0
2026-08-25 23:07:54,Zone_C,31.43,15.39,16.4,35.63,11.44,0.0
2026-08-25 23:56:04,Zone_C,40.87,22.39,23.96,35.96,22.15,0.0
2026-08-26 00:44:13,Zone_C,30.44,22.77,29.75,82.04,15.33,0.0
2026-08-26 01:32:23,Zone_C,14.26,17.37,16.71,70.88,18.64,0.0
2026-08-26 02:20:33,Zone_C,17.57,19.42,21.48,50.48,7.86,0.0
2026-08-26 03:08:42,Zone_C,47.52,15.01,19.13,32.91,16.39,0.0
2026-08-26 03:56:52,Zone_C,30.43,23.49,28.36,39.39,6.55,0.0
2026-08-26 04:45:02,Zone_C,19.56,16.09,37.34,31.21,20.46,0.0
2026-08-26 05:33:11,Zone_C,16.88,16.62,31.34,65.35,20.0,0.0
2026-08-26 06:21:21,Zone_C,17.61,18.38,34.53,41.51,3.67,0.0
2026-08-26 07:09:31,Zone_C,45.12,25.7,17.99,82.13,7.95,0.0
2026-08-26 07:57:40,Zone_C,13.84,22.94,18.71,52.05,10.07,0.0
2026-08-26 08:45:50,Zone_C,17.52,20.6,24.21,38.33,20.36,0.0
2026-08-26 09:33:59,Zone_C,25.2,15.9,29.82,36.68,24.68,0.0
2026-08-26 10:22:09,Zone_C,32.83,30.4,28.19,39.6,10.71,0.0
2026-08-26 11:10:19,Zone_C,35.43,29.6,35.67,80.59,4.18,0.0
2026-08-26 11:58:28,Zone_C,39.25,24.92,19.67,73.86,18.56,0.0
2026-08-26 12:46:38,Zone_C,18.26,20.07,16.4,52.02,14.65,0.0
2026-08-26 13:34:48,Zone_C,42.11,17.88,18.65,76.83,5.6,0.0
2026-08-26 14:22:57,Zone_C,30.03,31.67,18.14,46.67,16.68,5.9
2026-08-26 15:11:07,Zone_C,14.36,23.89,29.0,65.9,7.88,0.0
2026-08-26 15:59:16,Zone_C,19.02,28.88,28.38,71.92,18.41,0.0
2026-08-26 16:47:26,Zone_C,43.24,21.78,37.26,54.87,5.28,6.45
2026-08-26 17:35:36,Zone_C,23.51,29.63,35.39,49.26,3.91,0.0
2026-08-16 17:35:36,Zone_D,40.19,21.97,26.68,72.79,10.79,0.0
2026-08-16 18:23:45,Zone_D,25.22,23.47,33.79,49.9,14.06,0.0
2026-08-16 19:11:55,Zone_D,21.99,30.8,31.92,61.75,16.9,0.0
2026-08-16 20:00:05,Zone_D,30.34,23.82,23.91,34.48,6.45,0.0
2026-08-16 20:48:14,Zone_D,28.8,14.95,16.83,69.44,14.38,0.0
2026-08-16 21:36:24,Zone_D,38.81,17.03,20.18,55.34,8.58,0.0
2026-08-16 22:24:34,Zone_D,35.43,28.84,25.19,34.02,8.29,0.0
2026-08-16 23:12:43,Zone_D,37.55,14.13,27.4,32.06,15.09,13.89
2026-08-17 00:00:53,Zone_D,31.46,22.25,36.79,67.05,3.49,0.0
2026-08-17 00:49:02,Zone_D,28.91,22.2,28.81,49.62,5.78,0.0
2026-08-17 01:37:12,Zone_D,35.9,20.09,36.58,80.17,6.82,0.0
2026-08-17 02:25:22,Zone_D,41.79,31.42,35.58,63.03,14.19,0.0
2026-08-17 03:13:31,Zone_D,28.55,25.31,28.26,70.84,8.43,0.0
2026-08-17 04:01:41,Zone_D,26.89,27.5,31.25,84.49,8.39,0.0
2026-08-17 04:49:51,Zone_D,27.86,29.43,31.05,78.53,6.68,0.0
2026-08-17 05:38:00,Zone_D,43.99,19.92,22.92,58.16,23.64,0.0
2026-08-17 06:26:10,Zone_D,42.84,21.13,20.38,53.36,10.87,0.0
2026-08-17 07:14:19,Zone_D,30.18,31.79,26.24,33.2,8.03,0.0
2026-08-17 08:02:29,Zone_D,46.11,27.8,21.9,62.49,18.59,0.0
2026-08-17 08:50:39,Zone_D,30.55,27.94,28.37,60.4,4.64,0.0
2026-08-17 09:38:48,Zone_D,21.68,14.38,31.9,31.79,15.69,8.55
2026-08-17 10:26:58,Zone_D,29.43,15.14,28.14,76.26,24.93,0.0
2026-08-17 11:15:08,Zone_D,44.64,17.44,29.54,52.31,2.94,0.0
2026-08-17 12:03:17,Zone_D,36.7,31.08,21.9,74.63,3.27,0.0
2026-08-17 12:51:27,Zone_D,45.63,27.79,30.47,75.31,16.89,0.0
2026-08-17 13:39:37,Zone_D,45.29,23.31,18.58,59.05,4.92,0.0
2026-08-17 14:27:46,Zone_D,34.41,14.18,20.29,57.02,23.86,0.0
2026-08-17 15:15:56,Zone_D,37.73,24.87,22.58,52.59,7.01,0.0
2026-08-17 16:04:05,Zone_D,25.39,14.47,20.88,72.93,6.63,0.0
2026-08-17 16:52:15,Zone_D,12.36,15.53,33.77,72.43,23.05,0.0
2026-08-17 17:40:25,Zone_D,13.88,28.09,34.6,73.95,13.7,0.0
2026-08-17 18:28:34,Zone_D,38.18,31.65,19.43,42.41,6.87,0.0
2026-08-17 19:16:44,Zone_D,14.4,31.97,16.55,75.94,10.4,0.0
2026-08-17 20:04:54,Zone_D,44.46,30.67,16.2,34.15,7.76,0.0
2026-08-17 20:53:03,Zone_D,28.56,24.93,20.15,74.27,24.25,0.0
2026-08-17 21:41:13,Zone_D,15.1,24.06,27.06,37.94,12.17,0.0
2026-08-17 22:29:22,Zone_D,33.08,14.15,32.74,69.22,10.42,0.0
2026-08-17 23:17:32,Zone_D,46.39,18.32,23.12,40.11,15.27,0.0
2026-08-18 00:05:42,Zone_D,37.09,24.08,24.5,53.11,14.93,0.0
2026-08-18 00:53:51,Zone_D,43.73,15.4,31.55,80.6,8.23,0.0
2026-08-18 01:42:01,Zone_D,43.74,30.95,32.27,34.76,17.39,0.0
2026-08-18 02:30:11,Zone_D,13.77,17.44,33.39,54.97,8.94,0.0
2026-08-18 03:18:20,Zone_D,38.96,18.9,18.59,43.86,23.18,0.0
2026-08-18 04:06:30,Zone_D,33.47,20.59,33.76,58.78,4.69,0.0
2026-08-18 04:54:40,Zone_D,45.72,19.55,35.13,72.03,7.7,0.0
2026-08-18 05:42:49,Zone_D,38.23,17.59,24.17,57.59,18.69,0.0
2026-08-18 06:30:59,Zone_D,29.46,23.73,34.0,39.44,20.58,0.0
2026-08-18 07:19:08,Zone_D,37.18,21.42,19.04,66.62,14.07,0.0
2026-08-18 08:07:18,Zone_D,44.65,24.57,17.88,54.74,19.4,0.0
2026-08-18 08:55:28,Zone_D,44.21,18.82,25.03,79.42,22.61,0.0
2026-08-18 09:43:37,Zone_D,15.2,29.57,23.05,39.81,7.51,0.0
2026-08-18 10:31:47,Zone_D,23.54,16.43,22.52,61.48,12.16,0.0
2026-08-18 11:19:57,Zone_D,44.17,27.62,23.3,70.94,5.5,0.0
2026-08-18 12:08:06,Zone_D,41.08,18.43,17.39,37.24,21.75,0.0
2026-08-18 12:56:16,Zone_D,31.99,23.5,30.42,42.83,21.88,0.0
2026-08-18 13:44:25,Zone_D,12.58,20.71,23.74,59.89,3.67,0.0
2026-08-18 14:32:35,Zone_D,36.37,28.46,28.36,70.75,17.22,0.0
2026-08-18 15:20:45,Zone_D,22.61,24.28,32.4,50.84,8.96,0.0
2026-08-18 16:08:54,Zone_D,45.48,23.81,30.55,79.68,4.27,0.0
2026-08-18 16:57:04,Zone_D,41.65,29.43,25.13,34.91,12.07,0.0
2026-08-18 17:45:14,Zone_D,39.8,15.36,34.21,53.52,15.71,0.0
2026-08-18 18:33:23,Zone_D,15.23,31.31,33.76,55.28,7.14,0.0
2026-08-18 19:21:33,Zone_D,17.8,24.14,36.76,30.21,7.48,0.0
2026-08-18 20:09:43,Zone_D,16.08,24.26,34.96,56.24,24.87,0.0
2026-08-18 20:57:52,Zone_D,47.74,21.34,22.32,60.68,9.0,0.0
2026-08-18 21:46:02,Zone_D,28.19,29.06,28.59,84.96,8.6,0.0
2026-08-18 22:34:11,Zone_D,17.91,19.13,33.44,79.82,24.43,0.0
2026-08-18 23:22:21,Zone_D,23.82,16.03,35.14,64.99,5.79,0.0
2026-08-19 00:10:31,Zone_D,38.52,22.16,37.76,33.01,10.17,0.0
2026-08-19 00:58:40,Zone_D,23.37,27.13,35.24,81.63,20.52,0.0
2026-08-19 01:46:50,Zone_D,41.73,19.46,24.77,47.43,12.75,5.0
2026-08-19 02:35:00,Zone_D,23.26,15.76,27.59,33.14,4.54,0.0
2026-08-19 03:23:09,Zone_D,27.6,28.39,32.27,53.45,9.68,0.0
2026-08-19 04:11:19,Zone_D,13.87,14.23,33.5,56.24,5.01,4.3
2026-08-19 04:59:29,Zone_D,42.94,26.78,26.61,58.62,24.43,0.0
2026-08-19 05:47:38,Zone_D,41.2,17.55,20.7,67.19,11.32,0.0
2026-08-19 06:35:48,Zone_D,30.41,30.53,35.89,38.61,10.43,0.0
2026-08-19 07:23:57,Zone_D,46.85,30.47,19.67,36.66,3.96,0.0
2026-08-19 08:12:07,Zone_D,26.99,22.08,29.18,33.95,7.22,14.04
2026-08-19 09:00:17,Zone_D,40.13,14.35,23.19,64.54,8.33,0.0
2026-08-19 09:48:26,Zone_D,14.59,30.36,37.07,34.27,14.24,0.0
2026-08-19 10:36:36,Zone_D,18.47,24.41,37.08,57.67,3.91,0.0
2026-08-19 11:24:46,Zone_D,42.81,21.82,20.24,40.51,19.68,0.0
2026-08-19 12:12:55,Zone_D,19.41,19.79,26.24,81.88,23.43,0.0
2026-08-19 13:01:05,Zone_D,17.38,23.18,26.13,79.54,23.39,0.0
2026-08-19 13:49:14,Zone_D,44.26,28.52,16.08,47.6,11.7,0.0
2026-08-19 14:37:24,Zone_D,13.36,25.58,21.78,32.88,7.31,0.0
2026-08-19 15:25:34,Zone_D,29.39,21.49,37.51,41.03,6.95,0.0
2026-08-19 16:13:43,Zone_D,25.66,30.4,29.54,52.66,23.49,0.0
2026-08-19 17:01:53,Zone_D,32.37,25.08,16.87,52.17,16.93,0.0
2026-08-19 17:50:03,Zone_D,23.54,15.68,25.4,37.08,23.8,0.0
2026-08-19 18:38:12,Zone_D,39.59,22.96,22.82,74.66,21.94,0.0
2026-08-19 19:26:22,Zone_D,32.39,27.74,19.0,42.58,22.3,0.0
2026-08-19 20:14:32,Zone_D,29.06,22.04,16.16,75.07,10.28,0.0
2026-08-19 21:02:41,Zone_D,37.29,31.21,27.69,51.98,23.94,0.0
2026-08-19 21:50:51,Zone_D,16.55,29.17,23.97,66.33,12.83,0.0
2026-08-19 22:39:00,Zone_D,14.18,21.44,28.03,53.98,19.22,0.0
2026-08-19 23:27:10,Zone_D,13.4,17.49,27.81,81.42,21.2,0.0
2026-08-20 00:15:20,Zone_D,27.46,22.47,19.46,31.71,23.78,0.0
2026-08-20 01:03:29,Zone_D,15.0,30.71,28.75,66.69,22.97,0.0
2026-08-20 01:51:39,Zone_D,13.4,17.36,34.29,72.17,10.06,0.0
2026-08-20 02:39:49,Zone_D,12.01,18.34,20.58,43.78,20.54,0.0
2026-08-20 03:27:58,Zone_D,30.15,29.58,21.31,34.32,10.2,0.0
2026-08-20 04:16:08,Zone_D,41.4,31.27,33.44,63.21,13.35,1.56
2026-08-20 05:04:17,Zone_D,25.81,16.74,30.67,45.64,15.47,0.0
2026-08-20 05:52:27,Zone_D,42.1,18.77,25.87,59.57,17.26,0.0
2026-08-20 06:40:37,Zone_D,35.26,16.71,36.52,51.07,18.78,0.0
2026-08-20 07:28:46,Zone_D,29.53,29.81,27.6,81.14,13.13,0.0
2026-08-20 08:16:56,Zone_D,40.9,18.45,35.79,80.1,23.7,0.0
2026-08-20 09:05:06,Zone_D,40.03,16.36,29.22,31.89,13.44,0.0
2026-08-20 09:53:15,Zone_D,25.14,21.78,29.71,34.09,13.58,0.0
2026-08-20 10:41:25,Zone_D,34.95,24.02,32.24,48.46,19.6,0.0
2026-08-20 11:29:35,Zone_D,35.33,14.33,30.39,64.02,9.13,0.0
2026-08-20 12:17:44,Zone_D,45.24,26.41,18.8,49.62,15.63,0.0
2026-08-20 13:05:54,Zone_D,20.52,30.02,16.2,41.08,24.06,0.0
2026-08-20 13:54:03,Zone_D,14.41,14.51,21.38,78.48,11.57,11.08
2026-08-20 14:42:13,Zone_D,26.69,17.44,27.38,79.94,20.5,0.0
2026-08-20 15:30:23,Zone_D,32.59,30.33,18.69,59.37,22.23,0.0
2026-08-20 16:18:32,Zone_D,14.54,19.01,23.14,81.98,8.5,0.0
2026-08-20 17:06:42,Zone_D,17.84,22.76,32.25,77.68,16.4,0.0
2026-08-20 17:54:52,Zone_D,46.05,16.39,33.04,44.56,23.47,0.0
2026-08-20 18:43:01,Zone_D,19.89,21.97,29.59,72.35,4.39,0.0
2026-08-20 19:31:11,Zone_D,21.73,28.81,27.4,55.4,9.23,0.0
2026-08-20 20:19:20,Zone_D,26.79,25.33,31.38,69.11,3.2,0.0
2026-08-20 21:07:30,Zone_D,21.45,18.35,26.63,78.78,10.7,0.0
2026-08-20 21:55:40,Zone_D,29.14,31.85,32.95,41.58,13.53,0.0
2026-08-20 22:43:49,Zone_D,40.08,27.88,21.02,80.72,15.63,0.0
2026-08-20 23:31:59,Zone_D,33.78,24.08,26.7,57.77,6.06,0.0
2026-08-21 00:20:09,Zone_D,16.72,27.79,36.51,82.1,10.49,0.0
2026-08-21 01:08:18,Zone_D,16.05,30.81,20.04,43.9,11.35,0.0
2026-08-21 01:56:28,Zone_D,28.43,17.07,21.88,58.0,5.39,0.0
2026-08-21 02:44:38,Zone_D,37.73,30.88,36.07,82.03,7.63,0.0
2026-08-21 03:32:47,Zone_D,44.22,31.5,34.91,36.05,23.79,0.0
2026-08-21 04:20:57,Zone_D,27.93,14.83,27.97,48.62,12.89,0.0
2026-08-21 05:09:06,Zone_D,35.83,21.81,34.03,79.81,4.75,0.0
2026-08-21 05:57:16,Zone_D,13.69,26.03,34.98,38.96,20.69,12.95
2026-08-21 06:45:26,Zone_D,21.55,30.27,23.05,60.38,3.16,0.0
2026-08-21 07:33:35,Zone_D,28.0,18.61,20.19,66.85,2.01,0.0
2026-08-21 08:21:45,Zone_D,18.89,20.95,26.67,49.52,9.38,0.0
2026-08-21 09:09:55,Zone_D,12.84,21.74,35.25,46.58,4.17,0.0
2026-08-21 09:58:04,Zone_D,32.53,14.96,19.09,64.24,6.78,0.0
2026-08-21 10:46:14,Zone_D,22.21,31.07,34.53,69.73,3.79,0.0
2026-08-21 11:34:23,Zone_D,17.79,31.61,19.49,56.81,10.37,0.0
2026-08-21 12:22:33,Zone_D,27.49,18.94,35.53,32.23,23.02,0.0
2026-08-21 13:10:43,Zone_D,40.41,14.56,37.27,58.96,8.98,0.0
2026-08-21 13:58:52,Zone_D,47.62,14.71,30.41,54.35,23.83,0.0
2026-08-21 14:47:02,Zone_D,29.36,26.65,17.5,40.66,6.93,0.0
2026-08-21 15:35:12,Zone_D,32.65,17.87,34.96,81.82,13.93,0.0
2026-08-21 16:23:21,Zone_D,13.79,18.83,30.39,59.35,23.71,0.0
2026-08-21 17:11:31,Zone_D,29.62,23.23,21.89,55.02,12.83,10.89
2026-08-21 17:59:41,Zone_D,23.86,14.76,26.92,59.95,5.87,11.65
2026-08-21 18:47:50,Zone_D,46.05,17.55,35.26,68.75,12.44,0.0
2026-08-21 19:36:00,Zone_D,29.28,20.72,26.85,61.85,6.35,0.0
2026-08-21 20:24:09,Zone_D,34.8,15.79,29.29,36.65,3.81,0.0
2026-08-21 21:12:19,Zone_D,33.2,15.61,25.48,39.61,24.7,0.0
2026-08-21 22:00:29,Zone_D,23.72,15.71,37.47,45.74,11.75,0.0
2026-08-21 22:48:38,Zone_D,41.17,23.66,22.12,33.39,5.74,0.0
2026-08-21 23:36:48,Zone_D,21.0,15.18,31.19,61.48,11.3,0.0
2026-08-22 00:24:58,Zone_D,36.11,31.47,19.87,62.84,11.76,0.0
2026-08-22 01:13:07,Zone_D,41.7,22.73,27.95,46.76,6.18,0.0
2026-08-22 02:01:17,Zone_D,19.06,26.42,24.59,52.87,12.79,0.0
2026-08-22 02:49:26,Zone_D,23.15,25.95,30.65,45.74,12.58,0.0
2026-08-22 03:37:36,Zone_D,12.83,30.14,20.64,42.51,8.43,0.0
2026-08-22 04:25:46,Zone_D,14.71,16.42,30.18,48.68,18.28,0.0
2026-08-22 05:13:55,Zone_D,35.43,16.09,27.8,54.04,8.16,0.0
2026-08-22 06:02:05,Zone_D,47.96,24.94,24.9,42.39,7.91,0.0
2026-08-22 06:50:15,Zone_D,44.9,20.63,24.22,51.09,21.24,0.0
2026-08-22 07:38:24,Zone_D,24.03,28.72,16.84,77.89,13.79,0.0
2026-08-22 08:26:34,Zone_D,36.03,14.23,35.17,54.57,9.89,0.0
2026-08-22 09:14:44,Zone_D,29.87,21.27,30.93,53.15,24.11,0.0
2026-08-22 10:02:53,Zone_D,15.94,21.15,23.41,61.32,21.81,0.0
2026-08-22 10:51:03,Zone_D,42.61,17.83,30.71,59.86,21.16,0.0
2026-08-22 11:39:12,Zone_D,32.05,31.03,25.13,47.98,15.95,0.0
2026-08-22 12:27:22,Zone_D,47.84,14.41,18.48,63.52,20.87,0.0
2026-08-22 13:15:32,Zone_D,40.33,15.01,24.13,57.82,14.89,0.0
2026-08-22 14:03:41,Zone_D,34.06,24.54,28.05,65.23,7.97,0.0
2026-08-22 14:51:51,Zone_D,20.08,23.0,34.49,68.57,20.15,0.0
2026-08-22 15:40:01,Zone_D,26.17,17.45,17.35,62.5,24.75,0.0
2026-08-22 16:28:10,Zone_D,40.06,18.55,34.25,68.72,23.75,0.0
2026-08-22 17:16:20,Zone_D,28.73,25.35,25.89,40.37,13.68,0.0
2026-08-22 18:04:30,Zone_D,38.48,25.95,18.49,69.63,13.51,13.52
2026-08-22 18:52:39,Zone_D,13.99,28.77,16.83,50.19,14.47,0.0
2026-08-22 19:40:49,Zone_D,12.3,17.03,28.78,69.29,23.08,0.0
2026-08-22 20:28:58,Zone_D,26.2,14.02,18.64,59.4,17.53,0.0
2026-08-22 21:17:08,Zone_D,30.79,15.34,20.22,76.2,18.67,0.0
2026-08-22 22:05:18,Zone_D,47.65,17.77,16.26,84.86,8.46,0.0
2026-08-22 22:53:27,Zone_D,32.89,30.27,23.04,66.86,6.32,0.0
2026-08-22 23:41:37,Zone_D,19.6,19.64,19.93,79.61,11.14,0.0
2026-08-23 00:29:47,Zone_D,23.54,27.4,37.37,54.09,21.8,0.0
2026-08-23 01:17:56,Zone_D,36.86,23.24,30.31,78.93,12.13,0.0
2026-08-23 02:06:06,Zone_D,29.59,24.86,23.16,84.1,17.35,0.0
2026-08-23 02:54:15,Zone_D,34.44,15.01,16.53,54.75,9.65,0.0
2026-08-23 03:42:25,Zone_D,17.93,26.4,27.32,41.01,9.35,0.0
2026-08-23 04:30:35,Zone_D,17.31,15.32,33.87,71.38,19.33,0.0
2026-08-23 05:18:44,Zone_D,29.17,25.56,16.84,64.18,19.89,0.0
2026-08-23 06:06:54,Zone_D,21.99,25.57,31.24,77.9,9.87,0.0
2026-08-23 06:55:04,Zone_D,43.78,23.5,27.39,61.78,19.23,0.0
2026-08-23 07:43:13,Zone_D,13.92,30.88,27.66,63.82,13.1,0.0
2026-08-23 08:31:23,Zone_D,38.9,19.61,22.74,76.08,3.66,0.0
2026-08-23 09:19:33,Zone_D,33.35,30.85,30.92,52.79,17.86,0.0
2026-08-23 10:07:42,Zone_D,47.88,27.51,30.18,49.54,3.13,0.0
2026-08-23 10:55:52,Zone_D,39.43,23.67,34.5,31.84,10.44,0.0
2026-08-23 11:44:01,Zone_D,14.61,31.17,20.91,80.73,11.8,0.0
2026-08-23 12:32:11,Zone_D,45.51,14.1,32.46,79.67,5.21,0.0
2026-08-23 13:20:21,Zone_D,45.61,23.76,27.6,37.76,2.02,0.0
2026-08-23 14:08:30,Zone_D,34.82,30.46,20.59,66.59,3.81,0.0
2026-08-23 14:56:40,Zone_D,38.49,19.42,26.19,62.97,5.94,0.0
2026-08-23 15:44:50,Zone_D,35.85,16.85,31.14,37.05,11.78,0.0
2026-08-23 16:32:59,Zone_D,21.43,29.87,35.62,40.8,16.12,0.0
2026-08-23 17:21:09,Zone_D,37.68,25.87,29.74,45.54,10.69,0.0
2026-08-23 18:09:18,Zone_D,30.14,26.76,21.48,47.84,9.69,0.0
2026-08-23 18:57:28,Zone_D,40.92,30.15,27.4,55.05,2.71,0.0
2026-08-23 19:45:38,Zone_D,46.01,22.81,23.52,80.83,2.56,0.0
2026-08-23 20:33:47,Zone_D,19.9,21.72,30.35,69.99,2.02,0.0
2026-08-23 21:21:57,Zone_D,20.41,18.74,16.83,36.77,24.69,0.0
2026-08-23 22:10:07,Zone_D,15.85,26.95,34.8,44.13,2.48,0.0
2026-08-23 22:58:16,Zone_D,15.72,21.77,21.06,58.38,7.83,14.17
2026-08-23 23:46:26,Zone_D,32.41,20.38,24.39,52.65,18.73,0.0
2026-08-24 00:34:36,Zone_D,45.99,20.05,28.34,35.23,6.61,0.0
2026-08-24 01:22:45,Zone_D,43.56,16.85,26.02,63.31,17.91,0.0
2026-08-24 02:10:55,Zone_D,32.46,21.91,17.48,55.56,20.88,0.0
2026-08-24 02:59:04,Zone_D,29.78,16.13,16.3,46.68,18.05,0.0
2026-08-24 03:47:14,Zone_D,29.84,21.58,25.03,42.72,5.14,0.0
2026-08-24 04:35:24,Zone_D,19.13,14.17,29.8,47.4,24.38,0.0
2026-08-24 05:23:33,Zone_D,24.88,14.15,34.46,31.76,23.62,0.0
2026-08-24 06:11:43,Zone_D,31.57,25.77,24.52,65.6,3.03,0.0
2026-08-24 06:59:53,Zone_D,31.79,29.98,18.3,75.25,6.83,0.0
2026-08-24 07:48:02,Zone_D,26.41,16.71,27.08,74.09,12.16,0.0
2026-08-24 08:36:12,Zone_D,37.42,22.83,21.67,78.67,15.27,0.0
2026-08-24 09:24:21,Zone_D,40.91,14.79,37.83,37.17,20.31,0.0
2026-08-24 10:12:31,Zone_D,43.7,21.43,27.82,32.71,2.05,0.0
2026-08-24 11:00:41,Zone_D,16.37,16.05,25.04,65.63,18.38,0.0
2026-08-24 11:48:50,Zone_D,45.85,18.69,34.77,77.49,19.77,0.0
2026-08-24 12:37:00,Zone_D,39.69,24.74,23.42,44.44,4.8,0.0
2026-08-24 13:25:10,Zone_D,24.94,22.56,24.0,65.26,22.73,0.0
2026-08-24 14:13:19,Zone_D,17.07,25.25,32.04,81.26,8.41,0.0
2026-08-24 15:01:29,Zone_D,33.71,15.03,35.66,59.14,17.4,0.0
2026-08-24 15:49:39,Zone_D,13.39,29.82,22.93,37.09,12.77,0.0
2026-08-24 16:37:48,Zone_D,21.9,14.59,25.25,79.23,24.6,0.0
2026-08-24 17:25:58,Zone_D,44.61,23.29,19.38,80.69,19.42,0.0
2026-08-24 18:14:07,Zone_D,19.21,17.8,31.14,42.08,12.09,0.0
2026-08-24 19:02:17,Zone_D,28.32,28.26,34.45,66.01,7.25,0.0
2026-08-24 19:50:27,Zone_D,16.2,18.92,20.61,55.04,22.89,0.0
2026-08-24 20:38:36,Zone_D,36.74,15.72,36.3,61.27,10.37,0.0
2026-08-24 21:26:46,Zone_D,36.97,14.71,34.47,54.65,16.64,0.0
2026-08-24 22:14:56,Zone_D,39.8,22.52,29.59,55.1,22.56,0.0
2026-08-24 23:03:05,Zone_D,40.85,21.39,21.06,52.33,21.0,0.0
2026-08-24 23:51:15,Zone_D,41.02,20.36,30.13,43.51,4.51,0.0
2026-08-25 00:39:24,Zone_D,21.77,29.39,23.62,83.52,24.53,0.0
2026-08-25 01:27:34,Zone_D,37.38,22.12,18.22,68.91,2.72,0.0
2026-08-25 02:15:44,Zone_D,16.58,17.16,37.13,68.12,20.43,0.0
2026-08-25 03:03:53,Zone_D,20.44,22.65,28.14,64.75,7.91,0.0
2026-08-25 03:52:03,Zone_D,46.76,14.27,26.58,48.34,12.33,0.0
2026-08-25 04:40:13,Zone_D,26.93,27.19,31.09,75.83,7.75,0.0
2026-08-25 05:28:22,Zone_D,25.31,22.75,22.9,37.8,6.92,0.0
2026-08-25 06:16:32,Zone_D,35.79,31.11,32.05,32.86,22.34,0.0
2026-08-25 07:04:42,Zone_D,33.09,31.57,27.71,79.79,3.91,0.0
2026-08-25 07:52:51,Zone_D,33.05,28.69,37.74,51.39,3.09,0.0
2026-08-25 08:41:01,Zone_D,19.15,22.91,32.33,72.37,13.49,5.27
2026-08-25 09:29:10,Zone_D,35.88,21.35,22.17,70.21,7.57,0.0
2026-08-25 10:17:20,Zone_D,22.44,25.32,18.59,66.02,8.52,0.0
2026-08-25 11:05:30,Zone_D,45.61,29.61,21.14,72.81,16.0,0.0
2026-08-25 11:53:39,Zone_D,36.53,15.14,24.72,83.01,14.4,0.0
2026-08-25 12:41:49,Zone_D,37.33,25.61,24.23,82.3,2.51,5.25
2026-08-25 13:29:59,Zone_D,23.55,18.54,27.75,75.31,4.37,0.0
2026-08-25 14:18:08,Zone_D,18.53,26.82,24.47,52.13,20.02,0.0
2026-08-25 15:06:18,Zone_D,27.14,22.66,24.28,49.98,3.2,0.0
2026-08-25 15:54:27,Zone_D,19.01,28.69,33.66,56.75,8.86,0.0
2026-08-25 16:42:37,Zone_D,20.5,27.15,16.89,35.21,2.16,0.0
2026-08-25 17:30:47,Zone_D,47.85,19.2,19.28,43.25,23.53,0.0
2026-08-25 18:18:56,Zone_D,43.44,21.11,23.37,41.4,10.69,0.0
2026-08-25 19:07:06,Zone_D,22.42,24.39,17.45,40.52,11.37,0.0
2026-08-25 19:55:16,Zone_D,35.91,18.59,18.79,33.22,9.02,0.0
2026-08-25 20:43:25,Zone_D,39.39,14.29,28.27,50.87,13.65,0.0
2026-08-25 21:31:35,Zone_D,22.62,27.2,35.17,40.59,4.25,0.0
2026-08-25 22:19:45,Zone_D,31.85,20.47,18.77,62.41,14.08,0.0
2026-08-25 23:07:54,Zone_D,40.69,24.63,18.13,60.14,18.16,0.0
2026-08-25 23:56:04,Zone_D,17.5,26.78,30.9,31.34,11.47,0.0
2026-08-26 00:44:13,Zone_D,19.78,24.64,36.09,73.88,23.19,0.0
2026-08-26 01:32:23,Zone_D,34.42,21.43,34.92,43.85,24.56,0.0
2026-08-26 02:20:33,Zone_D,15.08,17.3,32.68,31.21,20.79,0.0
2026-08-26 03:08:42,Zone_D,25.14,25.01,31.31,48.84,4.48,0.0
2026-08-26 03:56:52,Zone_D,30.74,27.36,27.21,53.23,11.16,0.0
2026-08-26 04:45:02,Zone_D,47.14,29.72,23.25,62.33,21.49,0.0
2026-08-26 05:33:11,Zone_D,14.68,23.19,37.33,68.13,3.63,0.0
2026-08-26 06:21:21,Zone_D,42.29,25.12,30.18,31.56,21.06,0.0
2026-08-26 07:09:31,Zone_D,37.51,17.87,16.89,41.06,6.11,0.0
2026-08-26 07:57:40,Zone_D,30.31,22.58,21.95,31.6,15.92,0.0
2026-08-26 08:45:50,Zone_D,43.21,27.44,34.87,57.22,5.01,0.0
2026-08-26 09:33:59,Zone_D,27.88,15.17,34.16,36.93,22.77,0.0
2026-08-26 10:22:09,Zone_D,38.8,25.15,33.67,53.75,20.07,7.47
2026-08-26 11:10:19,Zone_D,29.51,22.33,33.27,75.19,14.75,0.0
2026-08-26 11:58:28,Zone_D,46.85,27.55,33.85,31.81,12.76,0.0
2026-08-26 12:46:38,Zone_D,13.77,29.34,28.06,40.85,9.3,0.0
2026-08-26 13:34:48,Zone_D,13.86,16.85,33.88,37.29,7.37,0.0
2026-08-26 14:22:57,Zone_D,39.49,22.05,33.38,64.01,4.6,0.0
2026-08-26 15:11:07,Zone_D,26.29,27.38,28.78,51.35,5.93,0.0
2026-08-26 15:59:16,Zone_D,27.24,23.27,19.75,66.46,21.61,0.0
2026-08-26 16:47:26,Zone_D,47.12,20.0,29.09,34.96,15.94,2.25
2026-08-26 17:35:36,Zone_D,37.76,28.19,31.49,62.44,12.35,13.02
